GroupBase,OriginalFilename,Singapore____0,Singapore____1,Singapore____2,HongKong____0,HongKong____1,HongKong____2,Munich____0,Munich____1,Munich____2,Stockholm____0,Stockholm____1,Stockholm____2,Chicago____0,Chicago____1,Chicago____2,Orlando____0,Orlando____1,Orlando____2,Kinshasa____0,Kinshasa____1,Kinshasa____2,SaoPaulo____0,SaoPaulo____1,SaoPaulo____2,Mexico____0,Mexico____1,Mexico____2,Kigali____0,Kigali____1,Kigali____2
30_68_r1_d1,30_68_r1_d1_cv.jpgKinshasa._gt.png,0.7034626089535087,0.6527079397810412,0.5902527714172211,0.4682596911785313,0.5067791475545892,0.45810373680730115,4.17353971920081,4.059048553229892,3.7734015745111975,0.7014334993944649,0.6697208111727232,0.7096149875198026,3.1130363644493046,3.3456656560756963,3.222510001324932,0.32513423720636636,0.40011177541968207,0.324376678503515,0.1092567199132368,0.1326035767296455,0.1377176878127135,0.7540392469182406,0.764603824689315,1.0481467300356162,0.3161274730031128,0.3145479961624105,2.0943391776212668,0.20643275370865466,0.18018304892782544,0.18768198097184086
34_98_r1_d1,34_98_r1_d1_cv.jpgSingapore._gt.png,0.24451101539353112,0.3965725526236529,0.2511414786648311,0.42492592422260533,0.5770258504312115,0.43648458528079026,1.7107561743915285,1.0819702935536626,0.7459527247085352,0.6380239136029777,0.40061677462770967,0.49430333968283596,1.5584545700602466,0.9347169303077826,0.40074552001875235,0.29965882707965646,0.21568268549050298,0.13848540149662858,0.08223278550159308,0.13868583792676725,0.08181366659939317,0.5444821980487686,0.5295715461878499,0.4722115105192897,0.9962085990830528,0.8603950827695626,0.9776538523022973,0.07737406353426195,0.06266935872116301,0.0759071912048048
62_45_r0_d0,62_45_r0_d0_cv.jpgOrlando._gt.png,0.2792136903755909,0.3482306537700024,0.27794577552747796,0.2528730611483697,0.2694283912803148,0.3973892680916906,0.4334660487709443,2.3393040018115427,0.6840062838272061,0.3791699361189676,0.2275263685910886,0.23659101810703215,0.3856331303011066,0.38531340544929116,0.6162557432479953,0.19054665806532647,0.24644101881793176,0.1460426145190395,0.10875154412197026,0.10763948713316676,0.08684352315548403,0.5579152240858893,0.624042017657317,0.5539601146476562,0.3106375357902234,0.360807584232276,0.4410475616022395,0.07945781370037548,0.10398482908733604,0.07137030686406615
24_20_r0_d0,24_20_r0_d0_cv.jpgKigali._gt.png,0.3754556787099573,0.40527147287808474,0.4302298992753367,0.8495971542287807,0.49609243140165565,0.4791294522549779,3.375541724108509,2.5725293720466142,2.000692859299612,0.30147256230658787,0.41762076873405385,0.4044328171939414,0.8352884848938266,0.9082633790456457,0.7178281997239464,0.18507081562232178,0.22556603858143354,0.21072005544086642,0.08999696401057009,0.08864006465908573,0.08193371864500204,0.5655281835844362,0.530406150230403,0.5433200753738819,0.9104756663716725,0.7486176529178119,0.70322095791623,0.08249130458647323,0.09013515755215394,0.06829296256394264
7_17_r0_d1,7_17_r0_d1_cv.jpgSaoPaulo._gt.png,,,,0.9476332274534361,0.686468584418486,0.7265965487653885,,,,,,,1.8336271897093974,4.02311937915755,0.3633137600566042,,,,,,,,,,,,,,,
19_43_r0_d0,19_43_r0_d0_cv.jpgSingapore._gt.png,0.45010881684737253,0.5319850450107333,0.2905624884907338,0.5013412930000086,0.46211548403957386,0.71795718214312,0.5769489319635904,1.0861790259262343,0.9041224410634604,0.631545701901916,0.5152228745249304,0.3522570437840441,0.6797318110913184,0.7282179462442727,0.4477061030383557,0.20535970970708878,0.18883461181129588,0.2002897762692928,0.08725190078324521,0.0846762751865183,0.08344105143863749,0.5797386877420285,0.599521455998729,0.5294026392939195,0.35215739915820815,0.6236814108187319,0.5438170416604972,0.08811082655383688,0.07675709922408032,0.06824209715046982
38_86_r1_d1,38_86_r1_d1_cv.jpgKinshasa._gt.png,0.23267516111458736,0.42335225521639225,0.27653028973912297,0.4261258118858314,0.6289935126455203,0.40967438819458585,1.7179438904507551,2.3279014702312124,1.3703500203747827,0.6371778062368976,0.5393077364920682,0.5783444933295796,1.5330546671893681,1.1641784133153852,0.520627034244837,0.3725593903821828,0.2742230828343927,0.141056556854488,0.0815928939278242,0.14596640208332484,0.0859363677620072,0.524206588944715,0.5374591518958368,0.5350485610527176,0.34623418253219823,0.6720294582797187,0.9517377443749283,0.07111363587727441,0.0630345194043507,0.07634921663955083
52_5_r0_d0,52_5_r0_d0_cv.jpgMexico._gt.png,0.6000690660653709,0.6801786069230439,0.5153013645514438,1.0331176657868637,1.4669189118284849,1.46573386007105,2.7747803146492807,5.3704417874153005,4.019758704504813,0.5268842300234974,0.6623146294591133,0.6417463925868652,2.313300737883488,1.5600856187357568,0.3289762791453577,0.33720584417972715,0.3394911950573805,0.19653710416717332,0.10905172714907439,0.10558691287259261,0.09036522818597632,0.7668003283096405,0.8509308681789262,0.8606533103168186,0.7772040936796256,0.6335080771698922,0.42874742962851814,0.22020770157796868,0.2191177914702348,0.2463125250750254
61_52_r0_d1,61_52_r0_d1_cv.jpggt-Mexico.png,1.0137929020575975,0.7096698004840145,0.6152550424633555,0.7997956278998026,0.6940032306935973,0.5762848612204762,4.224337061087252,3.5236995150911388,3.8504003764747177,0.7180219181095526,0.6321901168895784,0.7321484544072154,2.9976874350730793,3.0718561166234433,0.6855007048391817,0.3544747580391158,0.4225260314042498,0.16903621156311055,0.13147610642783003,0.1251758029299442,0.1118191763172656,0.7962863050838714,0.7681459730385177,0.9323971445969365,0.6276200553553536,0.5162849143675848,0.5582581823500459,0.23704407944047215,0.1969416703779798,0.2968823037992697
28_18_r1_d2,28_18_r1_d2_cv.jpgKigali._gt.png,0.636618948079391,0.6025581708831014,0.6125986217575555,0.4794603599293405,0.5213828105176672,0.4300149918067418,4.950955056137871,5.074783068445628,3.2896677336222493,0.7598820232621875,0.5800557884398877,0.8636018813008995,3.301114424787578,3.8688852208764293,1.7579100921314967,0.3335703257067671,0.4631297144245036,0.23538805847296682,0.12945536130943583,0.13089011336542422,0.10796864199091488,0.7134970804611075,0.659939745570875,0.9506875842247028,0.30665055304533234,0.2943847792689285,2.1646998578584244,0.23108759176130753,0.1750879421085001,0.2130000085356369
37_13_r0_d0,37_13_r0_d0_cv.jpgKinshasa._gt.png,0.5881878843704144,0.5177704165976392,0.5592721403214564,0.4360617022934493,0.3613071521778911,0.4183013145675868,4.485832652500714,4.584279480004101,3.2542752362140455,0.7932192888274221,0.6362571400134693,0.7203514242375677,6.0316959141201805,3.5310696798103165,3.0694299782430754,0.2540398721805086,0.4088517903701322,0.35500703299840825,0.11333591710649511,0.1422805469558141,0.14175371832607267,0.650892946504413,0.640506238371614,0.7566762809648789,0.27971603561610753,0.28913106055008664,1.5525890612362636,0.17892294631482308,0.1283054024776402,0.1371761844114735
19_45_r2_d2,19_45_r2_d2_cv.jpgKigali._gt.png,0.5657594294742958,0.6464883136785211,0.5271323874849695,0.48464439311794194,0.821698225386579,0.5196536521568851,2.4027445699783274,4.1869092634750995,2.331724658964202,0.748301219061097,0.6481101034364983,0.30033660298310316,2.79047378538223,2.6794894253485255,1.487190399091516,0.179284033971423,0.27376731823378575,0.13959407417932015,0.08512742173272568,0.08968120583433915,0.09509479591524996,0.6121874917349124,0.5444364598786852,0.5730234953884937,0.309944122942803,0.3239738945175377,0.6065053179954703,0.06820854335930471,0.07361044119392227,0.07246759318906788
10_62_r0_d1,10_62_r0_d1_cv.jpgSingapore._gt.png,0.6629980242613382,0.6009376794202254,0.43401951267027106,0.5351864203324694,0.6278314809597905,0.4853938638664786,3.3913734792346366,2.4182341323818544,1.1451088914753345,0.40825175337534164,0.36788109650753176,0.26813517941079223,0.5255790210612359,0.7335398144128994,0.5777247787989072,0.24178183620890195,0.34778900637792687,0.23615940064301685,0.2008789721033063,0.16709444375542262,0.14481858420341814,0.5790904348306504,0.5663274954745502,0.5710119520267289,0.8139792413430987,0.6106886180320871,0.5183690113971279,0.11760858850304248,0.13449229740635382,0.09020937511365627
35_86_r0_d1,35_86_r0_d1_cv.jpgMexico._gt.png,0.7830463564012243,0.6829197677416341,0.4581639973211095,1.3066610329810355,1.3113960005507397,0.8628638583907304,3.508225425752229,2.906995102255198,3.087343186094833,0.36872178722084575,0.628135107273105,0.28760216530293475,1.550948621158168,1.1887377563997579,0.48419789644140837,0.37621184653324596,0.35374740435179775,0.2506519552382488,0.11376120177621214,0.09459356802293065,0.09028984663564416,1.0288482399238128,0.7407701588440831,0.6118106612627962,0.5819361063431862,0.4989277492169531,0.5646041182270274,0.1460985213933227,0.21160091184276736,0.21082647531876408
40_12_r0_d2,40_12_r0_d2_cv.jpgStockholm._gt.png,0.3842741704124055,0.3806846147943252,0.3239991589059646,0.5220171966533308,0.3636548853891527,0.34923555010175095,0.47126894487987375,0.39090057382942905,0.3507289591391927,0.18763521620252321,0.26033782068883377,0.16766638546722878,0.4462949596137587,0.6855628819650046,0.4565545656469785,0.20776203570240795,0.13330774284705058,0.17219986427269668,0.09193551736084328,0.0921349527640781,0.09457442626106899,0.5828265385811683,0.516544573756637,0.47735271391145945,0.5695368917472042,0.30165627155892616,0.4181424380951721,0.0959799563758579,0.0964879908296025,0.08504408390105891
39_40_r1_d0,39_40_r1_d0_cv.jpgSingapore._gt.png,0.3166907623072857,0.33998641534277246,0.2719498917183728,0.5074652481844878,0.34700853434949297,0.2728968704234153,0.4275757437029979,0.44726179271795263,0.5549673460127342,0.24836833023563304,0.31288266403756504,0.22915686411265596,0.8460883741230864,1.1280747336412678,0.6378600367969429,0.27623136188266834,0.29124700817665145,0.21482013954099421,0.13102527006123818,0.14049530140662864,0.12503430559785375,0.7449940060393601,0.6820572558598069,0.7040693553642814,0.41370660307237084,0.49381747470447224,0.41594463807656756,0.1490366751842189,0.1331407118324355,0.12206719415760107
21_39_r0_d0,21_39_r0_d0_cv.jpgMexico._gt.png,1.0748842213327008,0.724435372532891,0.7980253587482002,2.2101268977162833,1.1061610313604615,1.0146000128987362,3.432198613083805,3.5316094329995686,4.612205593838822,0.5341831916730444,0.6538428536666033,0.7384443884065695,2.5748208003321778,2.6008565918992974,0.32535774233501613,0.5823507048754837,0.31681588197395105,0.16106803274575304,0.12057933596666226,0.13665816850764123,0.10957971516488783,0.8515729844663656,0.7343944438456456,0.8772176230714395,0.3452974684958863,0.3190725711230916,2.1119428160617755,0.24741202781251376,0.26756690069238176,0.2954738107507983
25_39_r0_d1,25_39_r0_d1_cv.jpgKinshasa._gt.png,0.6403271952994837,0.550316056248208,0.5549791854130198,0.5591635795154652,0.5072747073570681,0.425828822411655,4.45971389021317,4.138818393595866,3.4745568534045015,0.7097096614117036,0.6168190556658228,0.8134643546846201,3.343525738702854,4.124515269587981,1.745428494930442,0.3167281560958945,0.4930520685408992,0.22753827935533263,0.13790220505731599,0.13115717997991475,0.11115167070220763,0.6480337224624818,0.7172670857434278,0.8804948349515617,0.32920018441680804,0.2887312156946609,1.9321623253966973,0.22859357706625177,0.17827679736986465,0.213654175480091
24_54_r1_d1,24_54_r1_d1_cv.jpgHongKong._gt.png,0.25555609737169743,0.29667998732675005,0.24897446559745368,0.8464315103784429,0.7278755864842952,0.3642862285791739,0.4533078808752798,0.3305645731184777,0.31101781703402503,0.2623237691559152,0.3331891304756318,0.4128734150694145,0.42047155980410755,0.4885028133413762,0.2842053937807159,0.21560407254875008,0.2200519301209906,0.12235617741271836,0.08512078697149991,0.09249290132416173,0.0946293963908638,0.5272485889683194,0.496798348978391,0.4502582409337847,0.42033514764337404,0.38808610068520283,0.4698527448315108,0.10327833320044738,0.11245323770502046,0.0861794240059462
20_17_r1_d0,20_17_r1_d0_cv.jpgMunich._gt.png,0.4488942880600116,0.32030167213771893,0.2817860474995705,0.7720049265085527,0.6882823026498863,0.2986829047656097,0.2989565054194227,0.2901027323386834,0.4838130551360423,0.17604728868482197,0.21638177509782236,0.1871265197121561,0.4441030412091095,0.6340687954864116,0.5797314064364782,0.22976418609801566,0.18513850376895516,0.15735884051331822,0.1176627896014993,0.11321690990567504,0.11648830868115147,0.6816600589437658,0.5797149260432889,0.6083051419780713,0.453264045678503,0.4652127985178258,0.48468945760858695,0.11852273156978572,0.12557538572052043,0.10138953654120042
39_15_r2_d1,39_15_r2_d1_cv.jpgKigali._gt.png,0.3297586808293181,0.32355141886553246,0.3217310480530123,0.6860230317084124,0.5850802768160002,0.2914735699028688,0.360862800784198,0.3471664333897061,0.6799023924402254,0.20724064052666108,0.2631363608940892,0.21877031691257343,0.7633999306810729,0.7839432516976703,0.7554158368194931,0.3863826388075322,0.3163685981888966,0.18853412754261717,0.09637208744237477,0.1058283103446256,0.13042371590177754,0.7195315790743443,0.6250449977405588,0.6033397111306331,0.3704178846905852,0.35204423003309787,0.31955291131811464,0.12097741437382684,0.12748418519912366,0.11031921925920551
17_26_r0_d0,17_26_r0_d0_cv.jpgKinshasa._gt.png,0.3319880070203835,0.4167873776917586,0.2603986672419287,0.5290006008195214,0.6055626222802203,0.39865283307555366,1.996726198569726,4.2871140912170524,1.0427002712509421,0.644673390862241,0.5326532194610918,0.6085296695493744,2.195831511526543,2.3337977716642198,0.706256512311993,0.1762682777946584,0.19696460223785744,0.19500915910326147,0.08764853906926533,0.09152037076969054,0.09558582954423855,0.4918763755275104,0.5281116728342385,0.5460186382002794,0.9072830035845327,0.8387596234357662,0.9693258126641741,0.07658771556719375,0.05917376992116533,0.0702494128756116
49_74_r0_d1,49_74_r0_d1_cv.jpgChicago._gt.png,0.7662615400733485,0.7290809616013431,0.5146991176847805,0.7919578219379182,0.8842747157293488,0.6911931110744772,1.2270912661347246,0.7509701472066663,0.7407604175283777,0.29547525860084717,0.2267017495465843,0.25300047755816196,1.3067271937911282,1.470931469638017,1.0095169941334752,0.23845707253098952,0.23125375187380268,0.15260413991688257,0.14309442998648592,0.14157031746469148,0.12299731846550094,0.4852851445599881,0.4862245396662256,0.3911281717846068,0.3733226930255623,0.428762025570948,0.4206885458896577,0.08386819005261896,0.06675711852284939,0.09381755135269304
25_31_r0_d1,25_31_r0_d1_cv.jpgKigali._gt.png,0.7612654838345916,0.6270290270561382,0.9975609295972099,0.5874870326037508,0.6720770611651278,0.8183758740190388,5.08802005680406,4.2002834374553055,4.572529180277023,0.6061853779256926,0.6690786399335484,0.6425079947752383,3.2132409160891546,1.9117872017782356,2.161007687266974,0.29911317177395175,0.5704203362906264,0.1787173909928415,0.1280009837429086,0.09512844036634328,0.09626094868427094,0.595071234992407,0.6588457860169438,0.5535612086159308,1.1156155510635999,1.3643411177671514,0.8969131938564424,0.13657662204549978,0.09045138609469404,0.11157870905491109
28_55_r0_d1,28_55_r0_d1_cv.jpgHongKong._gt.png,0.45513381335788883,0.3175569477342415,0.27187120949057314,0.7059703798947831,0.6663661461484689,0.2948677332594816,0.29600096381046026,0.2735008516269145,0.4409746399088272,0.17557667213924924,0.20805268199557303,0.18897960863687285,0.41611449097769765,0.5844614168452026,0.5855913251992224,0.20553836135286382,0.1712079370370093,0.15221839379492758,0.11543733669018001,0.10888331138758804,0.1161020170571146,0.6629880006568055,0.588945390040928,0.6100021621217747,0.4481588313759203,0.4668538336349493,0.4704771133636846,0.1213482477793691,0.12181008308363175,0.09767614218311974
76_55_r0_d0,76_55_r0_d0_cv.jpgMexico._gt.png,0.7556048131561983,0.6970885044795941,0.664753876903862,1.2679390761303366,1.324064495554281,1.5640728658119916,5.047122218180448,3.952422454176238,5.0483771702724045,0.7664880449239426,0.7916535334431101,0.4475605496952994,2.1260496506406925,1.7661917594134575,1.1692171091805212,0.2714659562812885,0.3463545442730392,0.22850028823983304,0.13381599885023387,0.0879864075371438,0.10242788410744197,0.9025022571868904,0.7983915683088199,0.8433155464974916,1.2644275303678734,0.4946043364884499,0.4670469586244508,0.14723072679185406,0.15028466386704986,0.14221632034056528
57_74_r0_d0,57_74_r0_d0_cv.jpgChicago._gt.png,0.8283329405444966,0.645719029863947,0.5296985824413859,0.9056269518396147,1.220957752108836,1.222153859398386,3.9791002193248133,4.0423431189883265,3.5376666655574227,0.6332756848418212,0.6468135214203067,0.47383266339168767,1.8197186970092298,1.9533280418479118,0.5038609753710808,0.19816213859277923,0.2981748905718414,0.1625944701607714,0.11749544830394007,0.08998072422437371,0.09390314455210955,0.9726766307222715,0.8398170389443258,0.7249305098909171,0.36530342921500053,0.36945765705575107,0.7938805721722129,0.16862958054645424,0.11830961748018216,0.1662309260185648
26_41_r1_d1,26_41_r1_d1_cv.jpgKigali._gt.png,0.23032914356624223,0.29417813474070137,0.2592652441754908,0.7195902430216429,0.7671360869321525,0.3878043953706565,0.778561866722026,0.9081249267502135,0.2714037961188496,0.4624814791758727,0.3694788315542792,0.4129501546535066,0.5614388531660588,0.41996208887477404,0.27102123692241004,0.2761305362051407,0.24309059446363973,0.1278231701474033,0.07801395502408104,0.13673392990893626,0.07779263522554992,0.5543737774715665,0.5298250944230677,0.43071225845653316,0.4998450821660081,0.6026763344020292,0.6927931540682039,0.08624736884302911,0.08038107603353592,0.07967087772091645
34_90_r0_d0,34_90_r0_d0_cv.jpgKinshasa._gt.png,0.24137974185199437,0.29139654430979134,0.24694767656251132,0.7533020644801399,0.7010528602077775,0.39451341337460233,0.5452916631277113,0.9699936906456714,0.3162357149312702,0.26445731222783797,0.3304639563408091,0.4053943225423645,0.5165422490383207,0.5651050326907243,0.28922287453129136,0.2811121709763229,0.2249473083350067,0.1217485034893707,0.08574523313890449,0.08998063430763387,0.09088415815450003,0.5440664297127623,0.5084051246272066,0.4921143158708801,0.4395110937287991,0.40490003137620806,0.5414319418789709,0.10711976052082355,0.09445867634315142,0.08638890149429335
53_8_r0_d1,53_8_r0_d1_cv.jpgChicago._gt.png,0.23726039330518325,0.2952215554873619,0.24631172017620337,0.6995608530307327,0.7820770272215759,0.3931236693941992,1.5224189228514298,1.2406019545552844,0.2841822856376302,0.4574570614527547,0.3827456502737587,0.40698042732113754,0.8137061175814014,0.4221876524390209,0.28785957765839704,0.2607126828835544,0.23806550205014174,0.11693823493022956,0.07849354111575008,0.14218411608062592,0.07719520056967895,0.5747272199061008,0.5312881822288982,0.4252183136827189,0.4830461927209981,0.6053562323233236,0.677836668091877,0.0862712297638418,0.08047355109243017,0.0765664882597107
40_84_r0_d0,40_84_r0_d0_cv.jpgKinshasa._gt.png,0.6948827295625161,0.48773008436746385,0.47325532934996956,0.8883430816065229,0.634621751382072,0.41428710776373556,4.474502908616094,3.4060850367345847,2.148142929756199,0.6315700474981714,0.591113891536188,0.48023379845647285,3.312624423362198,3.719415377677302,0.40560093492479427,0.33720557736222506,0.560180500714494,0.1621444830906512,0.1506716213456798,0.12264597568548652,0.12627563358898783,0.7082385957954539,0.7158176410459637,0.9928534998059767,0.37765623166884327,0.33356460755526585,0.43227777850793425,0.2018338524080118,0.17406023435515272,0.2118246461181834
60_39_r1_d1,60_39_r1_d1_cv.jpgKinshasa._gt.png,0.5283140755962231,0.5199846548519272,0.4805071357295674,0.5722588241192279,0.49419787932607867,0.46440154049830745,2.445679972927319,2.3738596040179254,1.863177654553001,0.7674597415667304,1.4833316929666034,0.8549182076529832,3.1538490596517224,1.5193772786959308,2.6069772652074463,1.0228667701076848,0.44729487016936764,0.9879914192814904,0.429726330643869,0.23036604326004817,0.2662622685078059,1.0854866625356954,1.1635415283192414,1.516353813811962,0.380332145448343,0.3241217962973715,0.5919166329614746,0.23880912759325293,0.18950386383075238,0.22191311404970473
30_38_r1_d0,30_38_r1_d0_cv.jpgSingapore._gt.png,0.4336572319459174,0.3579673110754511,0.350781408016599,0.8233068038595875,0.7071425286129015,0.3143188129575656,0.31859797058992717,0.3039186934079771,0.5218686683289161,0.1913957016000868,0.19886420873236602,0.20432449695999047,0.5123523490794214,0.6944304303986828,0.6341050185621571,0.2324123585753987,0.17549170196769046,0.17049144122250345,0.12476550043609973,0.1324381699345222,0.12025058605034883,0.6334562265179957,0.5827619570825991,0.6098035082635325,0.43377084126664434,0.44354597803023715,0.4836214140436748,0.10631866572014496,0.12936791470710024,0.11077584363754886
34_20_r1_d1,34_20_r1_d1_cv.jpgKinshasa._gt.png,0.5507953100180676,0.6898550294504967,0.9783714283403533,0.9419198200919636,1.034483359103775,0.8226544745869069,4.206193750442588,3.5486871185039637,4.184785718095256,0.6271955520329866,0.7570770249750786,0.662400228651808,1.7089529217902746,1.7878912933223765,1.2654436441511352,0.2708955943229703,0.507958691898617,0.19466057649320465,0.09615612500975772,0.10396239626401779,0.09046488446184117,0.7060279687148359,0.6763276838135062,0.5733499475486605,0.4034911671244099,0.42479893700507093,1.1508485566728632,0.1437421746109303,0.16617622956306333,0.11332159373626473
39_48_r1_d1,39_48_r1_d1_cv.jpgStockholm._gt.png,0.5298255167793541,0.5199314487657976,0.4762402404834575,0.5588724183461163,0.4808906558100134,0.4684138210948422,2.472777519014446,2.4120808184529308,1.44137894361293,0.7366736985284879,1.3420062942122677,0.843033657928012,2.9899946054760367,1.762357813022216,2.073210054518422,1.056662543968283,0.42516079711563,0.5639608153629088,0.4038410537256932,0.2227640110942375,0.28534173379787353,1.04816978041752,1.1474310956125264,1.4545835984235747,0.3242667918054249,0.31834422221390835,0.5306340313585243,0.22939468619730904,0.18851002059978783,0.21805490027416818
37_71_r0_d0,37_71_r0_d0_cv.jpgMexico._gt.png,0.22520239716094512,0.2275951033580095,0.26259737692005364,0.27696978562520236,0.2721634677363181,0.2940420071176686,0.43999122645819444,0.4501771558143373,0.6213227523317546,0.19506585105330668,0.22075480995265753,0.19184879329924298,0.6862127149392764,0.6107917800664981,0.6565067313025574,0.2883748342950348,0.25225268471015444,0.25596643950477665,0.09754077825364675,0.11857827162739887,0.11812274999340115,0.6718596376743444,0.6495956014176336,0.6207029340024964,0.404794348233183,0.3631744412881344,0.4993040014720027,0.09770607431983808,0.11116852996079388,0.12393659561029835
17_42_r0_d1,17_42_r0_d1_cv.jpgKigali._gt.png,0.6370515117270479,0.46405787248512204,0.7512306290750567,0.7781375271410507,0.7515806016075803,0.5864169268241021,4.853144515594002,3.647005659953109,3.005627158938558,0.5053689164506213,0.8693572388865578,0.5714848736579443,3.1046292182100004,2.971280581424653,1.9113688933140947,0.2639669481288183,0.2543906358614695,0.16426206808497817,0.11770460956566375,0.09663523815013923,0.09103544764230957,0.5539689196850449,0.5918689989238773,0.5767464258469809,0.9771414599460695,1.01687469111423,0.9378168950653635,0.11844422545304269,0.07040117731277087,0.10565424264029935
22_35_r1_d1,22_35_r1_d1_cv.jpgStockholm._gt.png,0.7009871838270556,0.7549012856905756,0.5659911198187547,1.0074774684999284,1.267056081959352,0.8603139303700446,3.1841233639538986,6.052883558361326,5.386653014552198,0.4460254244523676,0.651460289229537,0.5487579198842141,1.0462421854720452,0.9165753056730318,0.7865830165936204,0.38434418695444766,0.3778507390023078,0.4344619282550593,0.12418635057802112,0.1713075427537242,0.1736879256087068,0.9706345767802704,0.884980451964715,1.0924646884799294,1.0826475171598504,0.5638117155854888,0.4785535367933662,0.19623172687061197,0.2090638417903283,0.16022484834986336
57_37_r0_d1,57_37_r0_d1_cv.jpgMexico._gt.png,0.4339444472014875,0.4500549770244106,0.3856252688278382,0.3452812066642173,0.5231024498728911,0.7946210056706441,4.385747881322284,4.070862393080548,2.9758807276381414,0.5196015740654111,0.4435748372739472,0.4205252320209074,1.6025288142109058,1.092189476063366,0.8952938389019182,0.2516291684128328,0.2832863310139965,0.18888301874902572,0.1087210915572291,0.09073051517113459,0.08620561802418843,0.6139150668451839,0.6504077399193048,0.552397009352706,0.8699352596005592,0.40075137346136036,0.8087338466300044,0.11931926044698139,0.07943080541327026,0.08507062463361853
68_51_r0_d0,68_51_r0_d0_cv.jpgSaoPaulo._gt.png,0.8553996277585393,0.7727435992446408,0.6879887215732305,1.496461153347511,0.6355154236523122,1.6597233240809293,5.787460564896464,4.977807473939727,4.812678250250406,0.570591668307432,1.0270730469311093,0.6339620406976318,2.97284076169983,1.915139890848106,0.6124674732751082,0.4122684345195521,0.25533808713946926,0.2825650436667438,0.14827074974942797,0.13493179567043762,0.11806817032461253,0.9749977145989905,0.8531572528348915,1.026520236987286,0.6148861375136767,0.41611164696365993,1.9021519564691625,0.2631513793076738,0.2477845468018668,0.31675243553172916
25_27_r0_d0,25_27_r0_d0_cv.jpgMunich._gt.png,0.5114405288002017,0.4283367824044035,0.4047080959003215,1.0238220174664312,0.7237350644385296,0.8750298047555043,3.0633860578705208,2.269012644089933,3.1124589237918845,0.574455525288322,0.7079898214958302,0.3876939252662487,2.200776035078248,0.8502393951225822,2.069448018231109,0.22569038225675467,0.24715203870811092,0.1991001788725207,0.08931764250192703,0.08134679309632725,0.08049083190133911,0.507882525781206,0.6038526267664638,0.45627439290760957,1.0463061143177692,1.0703678961654806,0.7118300224774176,0.07436725263917651,0.07705521267432414,0.06732323894735782
21_39_r0_d0,21_39_r0_d0_cv.jpgSaoPaulo._gt.png,1.0748842213327008,0.724435372532891,0.7980253587482002,2.2101268977162833,1.1061610313604615,1.0146000128987362,3.432198613083805,3.5316094329995686,4.612205593838822,0.5341831916730444,0.6538428536666033,0.7384443884065695,2.5748208003321778,2.6008565918992974,0.32535774233501613,0.5823507048754837,0.31681588197395105,0.16106803274575304,0.12057933596666226,0.13665816850764123,0.10957971516488783,0.8515729844663656,0.7343944438456456,0.8772176230714395,0.3452974684958863,0.3190725711230916,2.1119428160617755,0.24741202781251376,0.26756690069238176,0.2954738107507983
20_38_r1_d0,20_38_r1_d0_cv.jpgStockholm._gt.png,0.5357600627650936,0.439123974382921,0.35699576361516483,1.1030114646015354,0.7873244251440701,0.6487212613841402,2.3675041651587816,1.6345664588546496,0.8636179240345518,0.5018873197929206,0.6564899665291668,0.5995061211785141,0.6430529453734125,0.9114714967981054,0.3692670534878544,0.2609823308105006,0.217328671817555,0.1908029620349771,0.09442426803229728,0.081032889600433,0.07859682999087045,0.48681374951960604,0.5729288713419374,0.46934747431741924,0.34543313837785533,0.7681405603964049,0.5779165135763688,0.10711287888016341,0.06986925956815367,0.1013957643086942
29_81_r1_d0,29_81_r1_d0_cv.jpgSingapore._gt.png,0.3861326051818296,0.40103251889751934,0.41402640471344054,1.0311135466373085,0.6917417485648212,0.44955931754729317,0.46317505346047166,0.43047359656204026,0.6441985951518718,0.2560806160496522,0.347470474150281,0.2530302035848581,1.0152432505806392,1.600902009080397,0.6269891421262691,0.31862992337653123,0.3057550918472316,0.33874169115650965,0.14986981747765912,0.15770804990666148,0.1333720672937552,1.5192186326843367,0.9114224888273529,0.5192607950025194,0.5032248404200637,0.46355136742770536,0.5350643047886429,0.18513151025108754,0.17663082632558166,0.12063313198424203
71_44_r0_d1,71_44_r0_d1_cv.jpgSaoPaulo._gt.png,0.7229191995389701,0.6733429682216956,0.8503266949496392,1.2609980728522787,1.0572337528271456,1.344142080669262,3.7332423339154337,4.481421713525429,4.613374654423737,0.5794226696656261,0.4092395676299202,0.5514400642963155,1.1477109961937095,1.4177035892329295,1.1545528804489367,0.4529877955828269,0.40583457589200406,0.25623822309004207,0.11882408355674944,0.14223601982916806,0.10536253649856735,1.1825815674797633,0.8388562482295819,0.904891348514342,0.501234884697682,0.5521809411512477,1.3773173078186665,0.16282082133823952,0.18850261576864705,0.2538757058937099
75_54_r0_d1,75_54_r0_d1_cv.jpgOrlando._gt.png,0.4253396559001885,0.47720121994620424,0.310284483354073,0.49403813619364156,0.6031035500737871,0.34427437734007255,0.605795945517646,1.240245130824449,0.833585128662191,0.259921300461494,0.33905911974502667,0.24145479574456657,0.2761917774344656,0.3692548925092124,0.29775051761121357,0.1737128073647491,0.20276286040960986,0.15658692994201828,0.08620732505220621,0.09296154915093621,0.08209909803542757,0.6062280592316674,0.5539324228097903,0.49469647875720696,0.7781420709154209,0.6225405851073265,0.6280663185516787,0.07263831070939432,0.07054574004280448,0.0688213705274984
57_23_r0_d1,57_23_r0_d1_cv.jpgSaoPaulo._gt.png,0.6147666883143101,0.517565410017316,0.6411972333176673,1.0281598893193296,0.8496567565402438,0.9115783736396915,3.7507424786352783,5.08815268605412,3.692390882557316,0.6092585416763322,0.5637368667798582,0.5362719688119614,1.626321617344307,2.0237531466524814,0.6397877008732721,0.2976306698564658,0.4207190044707677,0.3236087182138508,0.12095406519961148,0.09786478823298649,0.10977204662834765,0.5413365275694887,0.5771061880578345,0.8268145488604277,0.4301519154509642,1.1056267827491737,1.3636181044506956,0.12304466832273737,0.1659984042797323,0.16519600201196316
34_45_r0_d0,34_45_r0_d0_cv.jpggt-Chicago.png,0.7925857851701475,0.4691755764330228,0.4557321485690463,0.4582871881853716,0.5220389502979779,0.49275396905153684,4.645578789286898,2.3406894174192567,0.8495370207442611,0.43269967415312566,0.31521144727248973,0.2664354756187422,0.4844248171750805,0.6426624509512622,0.4668276755573534,0.3317911719709737,0.3066469815037926,0.19832017415522932,0.10711965923612615,0.09347547248789806,0.09326949164846474,0.8076706222516513,0.7006694466833941,0.5171388541724373,0.31040504299650457,0.7373051394976501,0.42556216552908516,0.10583596695919005,0.13588019121814068,0.1110996692343233
25_12_r1_d0,25_12_r1_d0_cv.jpgKigali._gt.png,0.9232583541366912,0.5241972574087813,0.807220393796124,0.4952358005076403,0.9037867347974243,1.4539850356023818,4.692958760442445,6.236239953893586,8.99636705807352,0.6582916168322336,0.5811217091554935,0.8963913924680673,1.4673065510074084,1.8618757391519611,1.4144073159753898,0.2687378958849222,0.3651375890530653,0.4493195331661336,0.11183479549243612,0.09389584080727059,0.10920286685591918,0.8170201469363019,0.7477906482359103,1.18230382160937,0.5131121350194844,0.39514740571529,0.3962424479190504,0.24348971632948724,0.2184210940345547,0.22970605235099537
31_32_r1_d1,31_32_r1_d1_cv.jpgHongKong._gt.png,0.450540058311999,0.3164249827769745,0.27612403502301275,0.5067311377046498,0.34911511858869565,0.2733509673192839,0.2676757480982778,0.4868789685738884,0.22390605591534585,0.22591168243210633,0.19487088501542893,0.21503868952847915,0.38576939325856435,0.557978022722018,0.3101955886752039,0.20129881333728464,0.23449239730191038,0.1423329687582218,0.08055697176191894,0.08944295008537778,0.08470386991844497,0.4923846159877794,0.5519822010427342,0.4693160613010914,0.3094246730464238,0.5808764229776352,0.3772865265117398,0.08471935527660798,0.08334472014824132,0.07308450866108251
6_22_r0_d1,6_22_r0_d1_cv.jpgKigali._gt.png,0.24995614889700302,0.41793270188972564,0.2540202647262886,0.46179551268915564,0.5531414905975107,0.4031540027672036,0.6598591687808149,2.6776448102215653,1.7145675259010313,0.5694564493319049,0.4634167863640723,0.5011492351504385,1.732447052667674,2.222107854938193,0.704625623929307,0.3330912647983605,0.25024296976124605,0.19878929998706826,0.08315243625079051,0.1439351740258934,0.09302047177136956,0.5046332795226736,0.5242757152062549,0.537022753501944,0.31545765956284594,0.6905592572215328,0.9716522175795071,0.07227145690401766,0.06234722397496967,0.0777792597352061
4_36_r0_d1,4_36_r0_d1_cv.jpgSaoPaulo._gt.png,0.6942958988636893,0.5749033576167494,0.7871643556884373,0.9498848563636421,1.194997238613345,1.045711833037014,4.84383339768264,4.495644762223936,3.3601628527854337,0.4609901858137018,0.4370037958617832,0.5913467599949509,1.6928686587577686,1.7451043234641257,0.7167431255451411,0.23143372249364985,0.29860310307545296,0.19939697576224535,0.10075506461629084,0.107550886534033,0.0988448565242477,1.0131238297988894,0.8865940200392942,0.7448368259911149,0.4875486748221956,0.4318997829082291,1.0790222882846356,0.1816933808776621,0.14517624698007647,0.14055300228625855
15_24_r0_d1,15_24_r0_d1_cv.jpgSaoPaulo._gt.png,0.5985792403272863,0.6213682739869618,0.791031712816206,1.2325596038148652,1.1269621239200496,1.329816154518572,7.536833676614682,4.459923226911109,4.766376605860191,0.9486444804713101,0.8059020138565974,0.7415562574178767,2.6469528509723603,1.9234488166289812,2.12865059121573,0.6222424965603859,0.5142404341314832,0.3765750443189172,0.0985047278659415,0.10560532886026021,0.10102191667546526,1.0138363685761287,0.7424607327006743,0.7764531122959161,0.37567879216704203,0.4555778650922439,1.38573868700015,0.2714174665015971,0.17799873408567146,0.20800947267732772
41_67_r0_d1,41_67_r0_d1_cv.jpgSaoPaulo._gt.png,0.6614047505431736,0.6025770900870557,0.6922938503154037,0.4550440691334425,0.6508919933773868,0.4385822182182328,4.368813805632759,4.449967300071381,3.906093174603069,0.7070934908178024,0.7946978197945573,0.8487488067590457,3.0036347740909553,3.870203453507973,1.486144972852402,0.28627076991970535,0.34551800475132405,0.1564513649873088,0.13252281741129945,0.13704637475643414,0.1174929815931846,0.6603124606762649,0.655602258183455,0.8218380036321323,0.3045043384339824,0.2999758654900288,1.3684174185918891,0.20591781879176052,0.16050713152103435,0.15288243964965478
52_43_r0_d0,52_43_r0_d0_cv.jpgChicago._gt.png,0.7479513179448404,0.49039522824662707,0.6106057893708275,0.5454610817959037,0.6513334687827883,0.5200893548671265,5.173180692980298,3.4996642184853552,3.6595466587932313,0.628360311525641,0.5753645720824934,0.5980350381007301,5.346422398307826,2.1139676155496274,1.8242810987166886,0.25197317991929047,0.2915998445198784,0.2893209506737185,0.09189894707205166,0.12093869271733501,0.09721016509955258,0.5037166707597643,0.5533813747612658,0.6756665586635063,1.093504318125426,0.8084961584860939,0.7586363185489136,0.112936352161998,0.07209920386587146,0.06438895819886647
13_43_r0_d2,13_43_r0_d2_cv.jpgStockholm._gt.png,0.2716543370122272,0.4209682191057145,0.41419955379410384,0.42554820876491706,0.5755547890344951,0.39660356831766785,1.6610255853474956,0.6922882045753322,1.6790183154981204,0.4241917807879145,0.27810173177645264,0.2769042199248597,0.6887264876761983,0.7804693289605857,0.5205778209775636,0.24657623221973063,0.20965149752425077,0.12927263548296286,0.08493746061408615,0.08625227078622628,0.08234605987762779,0.5365605866612168,0.5492140404989768,0.4803888035084237,0.94385613539318,0.38983224561807583,0.6199109280829871,0.08630612691329634,0.06801191500797904,0.07681990912551555
10_38_r2_d1,10_38_r2_d1_cv.jpgHongKong._gt.png,0.7309562611921574,0.5530797525396083,0.5975242876006778,1.2316530492971942,1.0632915398812184,0.7670723823221924,3.875957716110395,4.575051774204301,5.255656863223063,0.6674063079294356,0.45859829376492417,0.7045837342579325,1.856238014809438,1.3730645406118274,1.1526107803126215,0.20060332063926034,0.3536153695553803,0.16972657929178603,0.10305435467896723,0.09513117870777046,0.08773555438884886,0.6495589508928679,0.7226788428575964,0.6702581561610569,0.32873683298205836,0.8206872810585227,0.8111536595015787,0.126259101783241,0.10956936351560899,0.11774688514293757
40_75_r1_d1,40_75_r1_d1_cv.jpgSingapore._gt.png,0.605303779978225,0.5041168809360461,0.5535480618059446,0.4986483928106281,0.5849637943824909,0.42554478097238646,1.4447602124425758,1.308141086538133,2.357675449221686,0.528609404118477,0.4125481848022864,0.6333061961008716,0.7002419315722654,1.4845310869113018,0.6776453677225872,0.17620252897187857,0.21411862292361547,0.14598959300578462,0.09260736546702947,0.08269650521065296,0.08496093299162055,0.5218670534348494,0.5828057325659757,0.5355065545475227,0.3192479074464563,0.6541622724612025,0.7247902507288927,0.0707779594140593,0.0733828915816248,0.0760101418452482
97_28_r0_d1,97_28_r0_d1_cv.jpgOrlando._gt.png,0.47186459385341734,0.49823685204449064,0.3099524109331542,0.49692235284906017,0.4480613185663642,0.4738296321573616,1.7458180625174717,1.3326245025983663,1.4995981523661175,0.36735827941610477,0.36376176032982765,0.3702347008811121,0.7275664760456638,1.5065000958337915,1.0754251853809984,0.4681976988264578,0.25707282654982555,0.2109566582651096,0.09301444734615189,0.09191766549392696,0.09156653786322158,0.525228061917147,0.572087837620289,0.5198996654408912,0.8687269461832693,0.830428784067597,0.5161955130496535,0.06972457789220335,0.06366950293376976,0.06629488963494623
15_47_r0_d1,15_47_r0_d1_cv.jpgChicago._gt.png,1.2699926977152936,0.6648847176861309,1.1216667504840006,0.7572507357119175,0.5192412844130159,0.5375970359002312,2.296226233140798,1.21237074166807,0.889026728613695,0.3134076209903651,0.295470236229412,0.3096343775296118,0.5815873051935341,0.5453990473687444,0.8288195875948295,0.3597610013290177,0.3924149493872974,0.43811940885323564,0.0906590584706787,0.13937686325270807,0.09623045108580208,0.7281348134461659,0.7774935656609742,0.6760247535927628,0.7923698325271107,0.44281159480532367,0.6010155546270544,0.09411583462115596,0.1255406999245697,0.11444400041549124
22_41_r0_d1,22_41_r0_d1_cv.jpgKinshasa._gt.png,0.4673487846634307,0.37338301368517207,0.35293390304516653,0.43467930833902574,0.3075137238175166,0.324142654179961,2.885922246809525,4.1202922956281105,0.9637009389557643,0.7960829109444094,0.9311121164807628,0.40760396877882704,1.348756780450276,1.2123864649465832,1.0921972622914617,0.21689718825499948,0.25342783926433915,0.16922479647675573,0.09081966695889537,0.11273457018337353,0.09897994034437783,0.5007085348371729,0.5317008837023349,0.5279176875899447,0.2790713894593719,0.5463134756089494,0.8988846727247146,0.08623259201207566,0.11656321227269564,0.07443246689013586
30_34_r0_d2,30_34_r0_d2_cv.jpgMunich._gt.png,0.6571940983518434,0.5904643318562776,0.5831621151859945,0.47934281677936086,0.47642564519309233,0.4144557196450824,4.84861574913573,4.592620360908448,3.870492211792036,0.7977225551904121,0.6954789227796355,0.7686229976944305,3.381277076622355,4.239651172939222,2.3113941775499263,0.345565087327217,0.4664202733307902,0.22549457620814975,0.14771771874662296,0.10289987357374253,0.12592687560224225,0.6489649525377609,0.704404839667528,0.9696278229026065,0.3141985150516202,0.29765807437864716,1.9748216825604468,0.2085824451033468,0.16650115870729132,0.18420937949408653
8_53_r0_d0,8_53_r0_d0_cv.jpgSaoPaulo._gt.png,0.746957633373444,0.495494184958312,0.9134150628877397,0.8493662116766937,0.8332827568701178,0.9697267211955659,5.39668363423273,2.9096647835698097,5.8470690325611505,0.6254309910461743,0.6265734637742134,0.5157348362358462,1.7864723389019783,2.415183802711195,1.5958220381886932,0.3869003619083287,0.3290983491600964,0.19523423398669365,0.1256481442037025,0.1165609686832231,0.09601648481278585,1.122068635456104,0.7218292216732297,0.9228886710685038,0.45997544078966895,0.5266623815105577,1.911165983818588,0.25244846313201924,0.21778549081508844,0.24174330308848677
47_19_r0_d0,47_19_r0_d0_cv.jpgMexico._gt.png,0.8929728605768905,0.7149078524082725,1.1631162168050941,1.3553663224866905,1.5144624462572682,1.369241379821091,3.857415833254112,3.9074829394899426,3.4033840440344068,0.8218915373485506,0.6482517284927307,0.45871148688485847,1.0341867193589351,1.1209987645935326,1.0395931190817864,0.3423446192448609,0.3218209793983915,0.262354272263854,0.1977374906487421,0.10430907224669682,0.13665272855970034,1.051745062768401,0.7506233626031026,0.7326385650289449,0.38954073793862337,0.4314422565534696,0.42505781536769427,0.19577478067964693,0.14878916894919259,0.2032541010204768
91_52_r0_d0,91_52_r0_d0_cv.jpgOrlando._gt.png,0.5256563466740627,0.38815260138586744,0.34239058001576633,0.4158661132880225,0.3198031916440304,0.2603039291319401,2.7498232097055295,3.809966224262491,0.6409825456270919,0.5598145106064112,0.5820498997057075,0.42910075249115653,0.9236498417111944,1.1876094115233427,0.34239867249137024,0.22762984467155728,0.25392781741869475,0.2163680854536724,0.10401441001532793,0.10651737008366513,0.10566151092791017,0.49820782310701545,0.5866484444762318,0.5004291353472418,0.31925553672464413,0.8577762195914693,0.2846484130756835,0.1362105879925839,0.09717126881829427,0.0843846008053124
9_46_r0_d1,9_46_r0_d1_cv.jpgSaoPaulo._gt.png,0.47491622253503374,0.4703564210540826,0.508256860873069,0.36681556915935837,0.4527505493783774,0.3885516655963802,3.1429098482683187,4.343953013851889,4.04692609789141,0.972635063885311,0.7285467332082699,0.6093609120409674,3.3781183590615402,1.7174509846367874,1.9769511518095386,0.3031951761600794,0.29993685272674336,0.30804322525348105,0.11321518608697238,0.14388698032996536,0.14140806535440958,0.5098945285932895,0.6196317305073608,0.5613244708551428,0.2927184692817082,0.7300115936919283,1.45863899208168,0.10128535121797813,0.07223777516045493,0.08570448816086763
22_42_r1_d0,22_42_r1_d0_cv.jpgKigali._gt.png,0.4624826458073076,0.496371681357592,0.5017176416549064,0.3961836911984619,0.5474823077470065,0.5884329665553815,3.4378525019946973,3.500712850955548,4.387503863851423,1.0894950468030364,0.5826449647016889,0.814723677834103,2.263045369398838,1.4565609742203378,1.8823377592374746,0.2344033314728149,0.3249074240592272,0.24394405187381743,0.09783583517312332,0.11372745464943591,0.10506479849006087,0.5641641129394774,0.5888858134543625,0.4425740738754248,0.4905318751833147,0.2661349121846106,0.7887566850630283,0.13792680797365392,0.07096793759030151,0.09504016674062496
80_19_r0_d0,80_19_r0_d0_cv.jpgMexico._gt.png,0.8485333361979428,0.6111778369467138,0.834310579344412,0.795694889088234,1.0389907520049892,0.4787989196884737,5.783636220957036,3.4505523797695643,2.0007639968039004,0.927980140037398,0.6782916055600509,0.3089577528349764,2.790543137670262,2.8809073999724353,0.5391584376600113,0.27116501679778593,0.4316510873591324,0.16813506346334725,0.138161015028689,0.11831888696261057,0.11437287593681367,0.7856992851104951,0.7569080730105779,0.723264211650574,0.4653485956671029,0.40004279002737164,0.38921313276055297,0.1872742956371412,0.17197573884716075,0.18851500292248694
10_47_r1_d1,10_47_r1_d1_cv.jpgSingapore._gt.png,0.5577803545734495,0.4347489955995807,0.3219902962444212,0.7246371888681388,0.6125726634409348,0.40661962870914065,3.066812440580921,2.6509783703263383,1.4323698688513542,0.6220704886530366,0.4592455453343791,0.3627601879810027,1.4039262699089594,1.2677396617885097,0.3926248040702667,0.16227694580137222,0.21695648609077398,0.1893496068948989,0.09316279637578281,0.07794346713351229,0.08118511282975077,0.5666035648042161,0.5787198854753443,0.5505100832753124,0.3658922629031349,0.30511953691822963,0.3216599984548702,0.09442702826624919,0.09958635230406708,0.12532442009916667
28_72_r0_d0,28_72_r0_d0_cv.jpgKinshasa._gt.png,0.32885722193189215,0.4137616350311073,0.2623612672607051,0.3501061189078755,0.5377568009950792,0.41871947089625067,1.0145756907972827,3.5998037363082984,1.942095414446856,0.5793014616677756,0.5608212567212031,0.5573541845494038,2.277808661575662,2.8580812858623683,0.936973710537859,0.263568435765701,0.23578527639555796,0.21618858569033364,0.09167244557000584,0.1465061736861689,0.10136618585780821,0.5140755216335383,0.5479864193622634,0.5630877630291107,0.290721029772405,0.7732157047031524,1.1514272173699902,0.06734969618602053,0.06102243410008282,0.07584102253767014
17_55_r1_d0,17_55_r1_d0_cv.jpgSingapore._gt.png,0.2652461663810009,0.3659617429961872,0.24911172785899544,0.4835528028456301,0.9300148851552221,0.3808703842710438,0.8106738185577269,0.4747717373522537,0.4836137380729015,0.39245240630771877,0.3779493679131192,0.47578075862795594,0.47017391681305887,0.625542060562373,0.3111549685914688,0.2878051343953757,0.26219482944921035,0.12954995175487602,0.07838679105484447,0.08000137365368142,0.08472283560337542,0.632493342097885,0.5794209234649971,0.4912285017594113,0.6206658939033123,0.6255531253670397,0.6540954804790272,0.1049924067713655,0.09124655991214513,0.10354120917120645
14_32_r0_d0,14_32_r0_d0_cv.jpgSingapore._gt.png,0.8368992231991796,0.8294602787600451,0.5201499950200996,1.0526903782657173,1.0287376051475439,0.6692047765781753,5.166967851236346,3.5396377762480404,3.4617186754976865,1.0144483922621585,0.6413567030844278,0.6487674806037248,2.0960506599726503,2.4689124539783225,1.176137796387513,0.41498753141362976,0.3399868617413522,0.18482017325318884,0.11830157440214747,0.10697523781900077,0.1029212665428954,0.7429599826631529,0.6892318514315848,0.7039172453191859,0.3688848272675987,0.3424328330452208,0.3675864082570843,0.20290823161033858,0.18417047752948018,0.16822966649856425
58_44_r0_d0,58_44_r0_d0_cv.jpgMexico._gt.png,0.7626860695732248,0.6728516552487417,0.5061039364318731,0.9064714588148854,1.0810515108885448,1.1095006808926628,3.480121534713544,2.01340752969592,3.5578308323435484,0.5716642890977528,0.6021965927896963,0.43197674724612445,0.7782366247749815,2.1998946316023065,0.7430996468209451,0.3770751450938642,0.28436102383279377,0.46885963565186467,0.10738076948559001,0.10123492821572745,0.0931844251957591,0.7493810865042687,0.7639338020255746,0.6851923213877453,0.6999702266715394,0.6376024467292227,0.5919694194285985,0.2590241008717394,0.2026427424112353,0.1718064531253167
11_59_r1_d2,11_59_r1_d2_cv.jpgKigali._gt.png,0.3418259435510645,0.4175304704826849,0.27441199844916264,0.37831148485163885,0.5674109798681202,0.4149794354636688,0.7434850014586772,2.3614365115896216,3.1961302733238846,0.5139493835849535,0.6575480312697691,0.5299309315103273,2.2509663211741717,1.2722060771413963,0.66656275080052,0.24425159101518876,0.22911361792325624,0.1739411274408103,0.08150652883284795,0.14557443036949178,0.09215594255184283,0.5161988724946678,0.5390051558432497,0.5128807230028251,0.7538010553063814,0.7789550754785906,1.081324056336638,0.06948455592710434,0.06261682647023781,0.08074798959430063
61_13_r1_d0,61_13_r1_d0_cv.jpgOrlando._gt.png,0.28193922542781913,0.34016599019318167,0.2444306622606091,0.27102583021792637,0.33767782040630206,0.24094047019028403,0.4444288965254236,0.817486528651425,0.2475789366133049,0.341851750746584,0.2993443354031333,0.25475353075438395,0.36583409832759933,0.38974630082649675,0.30632101714768034,0.13452244405267447,0.239226346985939,0.13985791652893567,0.09828403555763998,0.08740978960867779,0.08619221344375387,0.5463686662154651,0.5512533220843616,0.5047175877947593,0.3218837914192318,0.37632743757646675,0.4090891168057169,0.08240752603156397,0.07661183195368358,0.07558528748668414
5_33_r0_d1,5_33_r0_d1_cv.jpgOrlando._gt.png,0.5881132312625705,0.5228196618180883,0.4337027705648834,0.437379732049656,0.4466560223940396,0.4630342978088847,2.9443999286666513,2.5281861237582635,1.5872117015026161,0.5232319266897394,0.6150497908825637,0.2898858033448487,0.30700804510588203,0.4476244637325399,0.2886413867704468,0.18152568406671343,0.2794291201739688,0.21914770805353873,0.10570936424808497,0.09500910835960621,0.10084151083293182,0.5983639622836417,0.5784156463550535,0.5244125951835813,0.4320581383595636,0.3720667252721669,0.3742631385154109,0.07978848332844245,0.0906619255873211,0.09729838722567001
16_55_r1_d1,16_55_r1_d1_cv.jpgSingapore._gt.png,0.34026697778504605,0.25245090115963464,0.42944783801479935,0.5775404489063803,0.58882059180348,0.538956006805276,1.1824967797370918,0.4126183215982492,0.40708414947146593,0.24099749213029464,0.2865114104473032,0.2501690080182361,0.49225582900667,0.34300543712919895,0.32746804333903856,0.18716813412318378,0.18195053895713317,0.13362135684290116,0.07869055470773105,0.08035776586789735,0.07806634149927504,0.5463735908218296,0.5199022007255262,0.4503437710225444,0.8230835516905117,0.7727270328682208,0.643365006073138,0.08287835225259368,0.07028449773275633,0.07739358516008088
73_65_r0_d0,73_65_r0_d0_cv.jpgOrlando._gt.png,0.5649659545933063,0.5428927889597762,0.30338549951959065,0.4539083766084841,0.5273668981091141,0.4325187770460507,2.510510840289644,1.3863894855985417,0.6521532510709585,0.6922794040988811,0.37218810841694355,0.4860102848655624,1.309117230508593,0.9865817584190955,0.5167800737221587,0.14642390859966237,0.24072822430586713,0.16093983813545765,0.12300010522586399,0.0924967618796045,0.0939236102134281,0.5084770171705931,0.5931460581915672,0.4743425018193921,0.32084027336735016,0.6130733485788805,0.5890967410473804,0.1081622217458098,0.07913036872853808,0.10524395716788695
16_18_r0_d1,16_18_r0_d1_cv.jpgMunich._gt.png,0.5638518589125305,0.571933266352251,0.5126991244856035,0.5892464682647424,1.1513397426582086,0.6580280889197966,4.198777506539132,2.4466999969592433,4.975849077365129,0.8116561497605072,0.781260503208483,0.6987520458252547,0.9834811313248647,1.687137352423888,1.0491762165890615,0.2157731345665852,0.378655909110028,0.18392707588706617,0.08961866852038475,0.08889194849327554,0.0805830974387577,0.729572061598592,0.6051557161360979,0.5098719316279239,0.8539636941390781,1.2040049293568444,1.0329497963337344,0.09964740735914711,0.1002613180382632,0.1099517792633169
17_40_r1_d1,17_40_r1_d1_cv.jpgSingapore._gt.png,0.3691343559733341,0.5086187151551894,0.5231612481541761,0.34575798848383604,0.758389737657395,0.602629725754734,4.578309744795784,5.6619856570495175,5.4776319497002985,0.7084422928365675,0.6023531179234487,0.5000827321688266,1.5181967398182314,3.0512569159857232,0.8041058859278856,0.2068087953906852,0.25321591082579653,0.3997037056762565,0.14838890777361394,0.14327648640707072,0.10529337812078006,0.7500356007864538,0.6901761982401804,0.7799557335648569,0.33987849302371254,0.3509912318679599,0.9359004104420637,0.1393237786209852,0.17157437407132556,0.14672959015159268
25_24_r2_d2,25_24_r2_d2_cv.jpgHongKong._gt.png,0.512985567406824,0.41091081494432363,0.3927971514119381,0.2812305743666857,0.26452884269102195,0.2971555545416086,0.6488282271880671,0.31546415137762596,0.2903589872103712,0.20269442896721376,0.2004757161916041,0.29991908696983594,0.3116891692283825,0.4911883045007853,0.5115613651483109,0.11824653282646613,0.20986954955090734,0.11154840961646369,0.1083831757159005,0.09723538178272428,0.08920661146085059,0.539324527224293,0.5810142620601546,0.417118042360029,0.3144324812706236,0.3111200173551442,0.5964480079666337,0.09734338080574707,0.09897140934677191,0.09228612930937152
15_41_r0_d0,15_41_r0_d0_cv.jpgMunich._gt.png,0.26031846105085427,0.25158097754711706,0.28443217665678455,0.5475542772174322,0.5238608993828984,0.35699707062447034,0.3223055805827971,0.3042817677141356,0.39629505593800785,0.16846052682944718,0.1997406942529924,0.1571020186228452,0.8672971488110561,0.43096298635091806,0.40741315696879976,0.20796208810045663,0.16949453179741794,0.13113812548934856,0.10104439138078579,0.09586779483832833,0.10100773563864482,0.6456443444309916,0.4892535973336744,0.5384749302888158,0.6507645085841359,0.33025386479365626,0.35598442480629455,0.09718986012709775,0.0886751148140911,0.08632645770017848
1_1_r0_d0,1_1_r0_d0_cv.jpgMexico._gt.png,0.7515267320474086,0.540472881102356,0.6511874475270415,0.617090632136942,0.8175896730850218,0.55077355407715,4.619611420577042,4.0527292472244,6.9562804333753885,0.7145119478721026,0.8613768289113359,0.8444655656075046,1.44427969764467,2.6164661451574065,2.0481159003871725,0.3956535151294374,0.2979118012931685,0.462939660260854,0.11176238536765346,0.10879907383643467,0.0906618264225865,0.67410509149656,0.6171948070899416,0.6716890094256233,0.3521332873764522,1.2622624563066347,1.2773071282110613,0.1724835880415644,0.13792964765928353,0.1667945164879411
25_47_r2_d0,25_47_r2_d0_cv.jpgHongKong._gt.png,0.4674439079306176,0.40269826061607455,0.4562865867102373,0.6247683473764118,0.6042276533514523,0.7457247365939548,0.9660637369223841,2.6714708215762513,3.1170220864630536,0.5275056985332267,0.6543828575620355,0.4920446173966193,0.6338078543572264,1.800940973275021,0.4970886440940431,0.17463826161393445,0.23491847740585764,0.12683983155070655,0.08326876745173445,0.07610689811649946,0.08178815203394879,0.5309056681783332,0.648577114944419,0.5352252921453546,0.28287688726599663,0.8830186418187804,0.5597628779001188,0.07222655898018002,0.09032861126581065,0.0690532717715364
37_18_r1_d0,37_18_r1_d0_cv.jpgHongKong._gt.png,0.588879173747322,0.5282208784515969,0.45150882951976384,0.41737749805450947,0.4231504652143103,0.43772163981671836,2.0049279429774325,2.3147987162275676,2.2138534537710948,0.7162155798253079,0.24369149626472608,0.28981734474183757,0.4473162975932792,1.051125280898501,5.592037033490836,0.2861696171245967,0.35302782862973253,0.27883104455943797,0.14107098103659702,0.12943974152431428,0.209642846458205,0.7321667831765953,0.7875309066725895,0.7578560121419868,0.3382303133147598,0.3739983545262421,0.3759123587428367,0.18150952191349642,0.18910261144184914,0.20940244357250049
52_17_r1_d1,52_17_r1_d1_cv.jpgMunich._gt.png,0.36055665485313876,0.3921056177256396,0.33841501778653765,0.4738502478199589,0.6271769429235537,0.4305951247618495,0.691425307017209,0.7525130301011486,0.6811516358885783,0.4149494897064942,0.5713000957106414,0.5720050213931354,0.6399255177092346,2.1136276033579486,0.46096043883126187,0.21756798304452968,0.18126187659642393,0.14549663491860973,0.08885478807841855,0.08530594738836225,0.08480577577278985,0.4621327996442669,0.5766647793504089,0.5517542939867562,0.7699307954200795,0.31461946481772246,0.3572121894638249,0.07836595045791682,0.08559053137852925,0.07574911202855537
29_68_r0_d0,29_68_r0_d0_cv.jpgChicago._gt.png,0.7166467442379799,0.6192297711741703,0.7244045540685183,0.8933349665969872,1.2509446455699653,0.9992035677220702,4.203828074466088,4.5760682945186275,4.410414149464341,0.6139752065477078,0.6022883189523418,0.6041245345726202,2.6833165996965254,2.5141147752505493,2.1062834403333834,0.3324659909428956,0.4731683282427548,0.1886394066294779,0.1168635728379054,0.10615600090178214,0.09850253925940615,0.570060838977668,0.5347819169454451,0.5747696235647599,1.4359120859970427,0.930228390360122,0.8325028274038923,0.09561744482973746,0.09806929636040741,0.10956708911409896
10_64_r1_d1,10_64_r1_d1_cv.jpgSingapore._gt.png,0.7270213759860562,0.539564785015169,0.6287193043639163,1.1886466204037642,1.1227808109401813,1.002063393126722,2.752248229567078,4.488710994563648,2.295875042522879,0.5921632045238948,0.6000095256286077,0.6952315891972539,2.1167885751857467,2.5025256289424,1.1739029150805218,0.3389130429006873,0.49935260625073713,0.4496221990556187,0.1356092037643448,0.1181128942236337,0.13897255593975205,0.9457901309069421,0.6792768363690993,0.5337178440663829,0.8326672217431406,0.6785854250684679,0.5419582043620831,0.16855481391728516,0.1572466993528942,0.16447049634425276
43_51_r0_d1,43_51_r0_d1_cv.jpgStockholm._gt.png,0.39461958000336017,0.3043601443997759,0.26191073076178145,0.7072044287794306,0.5598034713946072,0.675316178436281,0.35071331883216406,0.4578066733666128,0.2518209690269432,0.31908781302297573,0.3114698687138807,0.3011352513451311,1.2551324283272989,0.7515313519737974,0.3493279901199385,0.2042052006945896,0.19276732608109978,0.12145443256979524,0.09219066996270225,0.08232785188845446,0.08078444791917855,0.5611726942760652,0.48664005066787647,0.4629691207435317,0.7073783473675176,0.7285154823920821,0.7278156454550954,0.08141324573931207,0.08213134042575349,0.07547482509181645
56_28_r0_d1,56_28_r0_d1_cv.jpgChicago._gt.png,0.7199416541439932,0.7490874098335553,0.5466400571615267,0.9986533235997049,1.061767765803248,0.53156892731872,3.891701455335831,6.545860934615834,1.6061701874854917,0.32912620565208633,0.7443653971657768,0.4157449544371157,0.28280669630717603,0.39254141160420114,0.3244045348746877,0.30736050629185774,0.29431309434330977,0.3904876484954839,0.16080223135109373,0.11620068266321232,0.1388370441090051,0.9120253158029227,1.0489041143148279,0.9874186527401762,1.4834608257965738,1.0365635700284475,1.069771890966731,0.27338134284004445,0.27331327951169443,0.2839692019140166
65_67_r0_d1,65_67_r0_d1_cv.jpgChicago._gt.png,0.7392291864317813,0.5959457271150969,0.601524447299671,0.553882099714021,0.9062939567727226,0.8218598689511855,2.305797059467586,3.140569080770656,3.2637351033270243,0.5448985441757759,0.5053309231697057,0.5098105492814938,1.196681957096589,0.9428297235677529,0.548647712754413,0.34112514755031953,0.29348372133941303,0.21293282865820948,0.09909017491699341,0.084662682843114,0.10360441405133337,0.703576486111764,0.7216329208608222,0.7115293102510332,0.3636635230960255,0.4575896706364183,0.8120643699763168,0.12515847364854085,0.11889129237013049,0.1343487709372971
13_42_r0_d1,13_42_r0_d1_cv.jpgHongKong._gt.png,0.3769443138604511,0.4023854584390665,0.41975137550269576,1.0533285333642934,0.7252379737130059,0.4707049489109968,0.4777691077222471,0.4432369744627667,0.6495956977617343,0.27530422148260003,0.36008774639260444,0.2438683374085049,1.0485291790887494,2.140934997771372,0.614878072904361,0.32623158904170124,0.31559236844778205,0.33726087147639555,0.15178643734696015,0.15818380124576198,0.1348353919406718,1.4944628503570712,1.0638593783401884,0.5419074230459228,0.5024302438618852,0.46437265351663337,0.5327525751160447,0.18600677149598369,0.18232931255719906,0.12009160421512342
18_42_r0_d0,18_42_r0_d0_cv.jpgSaoPaulo._gt.png,0.7060296210578454,0.698915405080188,0.5937393807045446,0.533127686018629,0.7970728455782009,0.821507169706827,6.6722077313432235,6.706857848743676,8.031774486929644,0.3682680788671696,0.35742224721819005,0.7199944742932057,1.6032462851955278,0.7503137111079923,2.8460795458380015,0.3604487313563877,0.3095238137073975,0.35396977227014575,0.1252048068168865,0.09022048528577398,0.10118910562307838,0.8482215145355876,0.9195352051478112,0.9012133241028932,0.5387629663092194,0.4055065450794027,0.46635840256522715,0.20243558190612565,0.2443022024171787,0.2368437825981473
61_58_r0_d1,61_58_r0_d1_cv.jpgMexico._gt.png,1.0822072131550085,0.6436478746842768,0.7557058778681603,1.4393621369283065,1.3045456118531875,0.5636526753138423,4.341960184352356,3.822876264637336,1.9566441524188267,0.5995156862704316,0.5463716846364624,0.3408656101019951,3.6523374120322987,3.1187882083037404,0.3185882326670835,0.4520963379602108,0.571381716598742,0.20853105919154313,0.1570670843308253,0.14529212702660652,0.13519665366787922,0.9308756843813171,1.0693424977711183,1.1398552144794811,1.0248062953446715,0.592062245500405,0.6225608654918251,0.259604131628188,0.2052584586971625,0.29891212733956307
33_50_r1_d1,33_50_r1_d1_cv.jpgKinshasa._gt.png,0.7653739914914549,0.6631122158856524,0.35108972322359844,0.6033591143344056,0.6093738756466046,0.7288620966654998,2.8610405391600215,2.539346218188235,2.7162102868449294,0.47661300257078254,0.45291995234938803,0.3588984815361837,0.3521212136661561,0.33366325161856003,0.27873721424664655,0.5601411615555116,0.6322494289079769,0.18631804932617796,0.09259491722301028,0.09322306609601946,0.08726170808834195,0.6518133505417136,0.7007781818244039,0.5090437955867092,0.38490407992568726,0.35486994124472765,0.7914182528523451,0.08557147110958704,0.10503762822982025,0.08107554046912265
21_22_r1_d1,21_22_r1_d1_cv.jpgSingapore._gt.png,0.8219612737037969,0.580119103547011,0.6917465957281893,0.6488024835184005,1.0002088752322307,0.6476080408554772,3.445935625543585,2.508757381019823,3.559738004883402,0.5893378913209745,0.5218466731816734,0.3173709134759665,1.8704353001397684,2.589601818530529,1.2149981060612045,0.35856976631520954,0.2543680743567602,0.25745598759815586,0.10486483047136835,0.10556434599761177,0.09381055251855036,0.7475871639320248,0.47103637549358973,0.6386421045299284,0.401699779622988,0.4253694706458027,0.6899048578209876,0.0772732701576615,0.10147883946060438,0.08839397903483132
7_32_r0_d1,7_32_r0_d1_cv.jpgSaoPaulo._gt.png,0.5766718785901758,0.5559908141570923,0.59281735035975,0.8552194902856427,0.9320506126957043,0.7704517698672789,2.9563042009677156,3.636580810950254,2.020502835324034,0.5407059157233598,0.6081720487080311,0.35755894795730275,1.758472143986204,2.9374004997514422,0.5834989009883248,0.26432331555399285,0.3163822761201518,0.19921219986041797,0.09449795089702206,0.09384436054657272,0.07902678746824882,0.6662357388837118,0.6645492853242758,0.5329461003508695,0.40684584548737623,0.3823056423811122,0.8926879252082108,0.1193805377875201,0.14613663110254674,0.09479966439826512
12_49_r1_d1,12_49_r1_d1_cv.jpgHongKong._gt.png,0.3807939285875318,0.4370558618130708,0.4647108374493323,1.0500245431592872,0.7084450141581338,0.47414794392805787,0.4591521550942193,0.4240716809310634,0.6624546002910165,0.2601600425069173,0.34807157068346534,0.24646595748028813,1.0142118180047328,1.5412338548676052,0.634363520525425,0.3308116643211597,0.3001310204973834,0.3272114056098926,0.1446690251083769,0.15538066859708305,0.13079708431659492,1.4830714035302663,0.9008946713747354,0.5279676818453445,0.506216204699509,0.4410421482616084,0.5215034126457531,0.19144521922861713,0.18239613666516016,0.11719475821224205
48_11_r0_d1,48_11_r0_d1_cv.jpgOrlando._gt.png,0.3985246566088281,0.43996635835297637,0.3621219162082816,0.32626194559511623,0.561690207936259,0.28365276000319134,0.4968244850382689,0.72305965498562,0.3072068245087503,0.2814251096569242,0.41821252128573544,0.22965777811808222,0.37065611463129605,0.31548045025607097,0.3065340571569559,0.1448693891761004,0.1422375400506935,0.13474491966218283,0.08758809791373279,0.0853599284070201,0.08321284137886277,0.5304774428282071,0.609125068848527,0.482322263840746,0.3534426904696193,0.7357483868667405,0.38382355814241237,0.0911252670248814,0.09962302921226455,0.0675767772352183
45_12_r0_d1,45_12_r0_d1_cv.jpgOrlando._gt.png,0.5409215638824171,0.49544212487835104,0.3168020672432467,0.29140254372108576,0.4332162813389441,0.2734317590093997,1.3059719875569427,3.1163347210786307,0.6464751550891233,0.41544632521142194,0.4102712255537772,0.27753295594325667,0.26656533371426483,0.4350343997006785,0.30316487820620025,0.19773518458555556,0.4111092720844026,0.3097058220966137,0.0916707706792231,0.09263443280412412,0.11828121327517602,0.4125979433148241,0.526646263017552,0.48963268399324444,0.41362798160899183,0.4777183725151226,0.37995855050472344,0.06743398308706128,0.08624897116446391,0.12150084456443073
55_34_r0_d1,55_34_r0_d1_cv.jpgChicago._gt.png,0.5414412504208667,0.31564065159019083,0.2633375651126098,0.4435123185959019,0.5985845739045244,0.4525250073571751,0.2786452674346856,0.34302035164656264,0.2413182697620923,0.21273880248742352,0.2558828688716239,0.16567988296508157,0.3947248477534813,0.5355140287669637,0.32399835891887413,0.1879006865261472,0.1988712663863971,0.11223470465596347,0.08128180625164168,0.0836276350824287,0.08001323211578847,0.5825991849637503,0.5819432217463727,0.5345434214409033,0.5036191659218402,0.4412700436565465,0.5119788985041596,0.07693305230847364,0.07564447490860948,0.0830413954963833
8_25_r0_d0,8_25_r0_d0_cv.jpgMexico._gt.png,0.7320743494231065,0.4497446710920494,0.6448359051878724,1.2676168427366066,1.1123994866410358,0.8871964244537958,2.9606976450067015,3.8864593172079185,4.5547063844861695,0.7523961866189202,0.604070870550946,0.6414907666904037,1.5063645667959644,1.609677195540513,0.35805157027954554,0.3091819330087674,0.4772373603755477,0.26174643087374716,0.09893107138015717,0.08994232348542391,0.09159041861744573,0.8020917771581663,0.6730870786165543,0.6934482452781231,0.5185356009670832,0.41933278873713786,0.43461795856476965,0.202130816370307,0.2036126966308975,0.22133685730043817
55_24_r0_d0,55_24_r0_d0_cv.jpgOrlando._gt.png,0.3607427718537947,0.4865053088091372,0.47386125539772184,0.2601797047871669,0.36609409854330444,0.31785990990328084,0.5390575215481985,0.6562407119296185,0.9900872507690729,0.19958558290655856,0.1845321033527489,0.19262201273724713,1.0737986212738615,1.3946807471470528,2.0379656342841335,0.4081016854215195,0.4008407347606426,0.5586525968205751,0.1142547540985397,0.11248931798712965,0.11002971166654334,0.6085887471833775,0.6980573887987848,0.6000761933049289,0.5921511562537125,0.8479479493596155,0.6385070296877675,0.09243179801716724,0.10193833457754227,0.10398819752020609
19_35_r0_d0,19_35_r0_d0_cv.jpgHongKong._gt.png,0.7610705170242436,0.6734836887790007,0.620069623827505,1.100780135953406,1.0506920458086388,1.1701337520451052,3.578391608157428,2.2793256793801557,3.169238665748213,0.5508403557398415,0.6874977954014757,0.5715456794941419,0.8439498847280847,1.0732379742600897,1.102736309924294,0.3770116751955211,0.32061879465953097,0.20295230615134097,0.09422185390608456,0.09059656589570796,0.07900094670002955,0.6941627027814248,0.5691998299463812,0.603411777131565,0.40696023083730687,0.39454358638763004,0.9156084283738237,0.1017125328416787,0.11523429047686204,0.11533206737054388
91_30_r0_d1,91_30_r0_d1_cv.jpgOrlando._gt.png,0.6646967012606255,0.4916630711836606,0.38470504813852313,0.6342687088646362,0.5995394465230128,0.5849268507569759,4.76870778890478,4.567257633398404,3.436418159757508,0.3002169074821377,0.6833189822409622,0.5944238659969706,0.3964548429565184,1.1188139836976043,0.64123340095831,0.3507437954746783,0.2883333121841151,0.34369852582150995,0.0975886134994198,0.09102861726326546,0.09039539083079853,0.722759425385695,0.6253735864847549,0.8122911654153285,0.36601564102633166,0.3829034686228115,0.7717072498974666,0.19793275896299292,0.19150786070676531,0.22550560770811354
61_53_r1_d0,61_53_r1_d0_cv.jpgOrlando._gt.png,0.44005653706749215,0.3972140660663863,0.3911135818681978,0.3747920170623611,0.5156730718743456,0.40004670697017536,3.497841515472974,5.140201122127474,3.4556371660031147,0.9624364451357251,0.6080002040884392,0.5606478984475325,3.424120368617587,2.675767719520256,1.285382061346958,0.23512473393017352,0.2681733246193253,0.3158488133973442,0.07342059771914114,0.1453772475464306,0.14084106547359454,0.5378832630140968,0.5949515107997868,0.5904988921731383,0.27402773562143373,0.954097892529684,1.1540716817585381,0.1029366565817636,0.06861797200500246,0.0872098734253209
24_51_r2_d1,24_51_r2_d1_cv.jpgKigali._gt.png,0.21820124257827683,0.3023055171624492,0.2527416087050406,0.684221904640126,0.8018149049243584,0.4207184654000357,0.6207975028189685,1.7271882591583125,0.3668749157692546,0.502555464307523,0.40353291580905354,0.4343292221418487,0.7227571966650211,0.5296968061412554,0.31704367488396384,0.2728235635829824,0.2575855984703485,0.12307816605341032,0.07971875404539196,0.08072785575810985,0.08030837051353092,0.5698072124167883,0.5542967774287244,0.42517980070630074,0.7126851637352957,0.6491763006083165,0.7054679114666069,0.08207292090112696,0.0790465357551775,0.07290856599775133
39_27_r0_d0,39_27_r0_d0_cv.jpgKigali._gt.png,0.23662557872537673,0.29008280247033147,0.24270114407999427,0.803723658609968,0.6954870854176243,0.3958100507043082,0.916825954892629,1.0704016547084902,0.25789774150147243,0.3783316292250238,0.3446303525797848,0.4492200746047492,0.5366172939917305,0.5159505840623533,0.28416026015266105,0.29129762695461614,0.2331917358364817,0.12040227869704086,0.07995596045308344,0.14070312307247013,0.0805345572405663,0.5784186385906469,0.521735810398015,0.43369570734702756,0.4965485183439996,0.6282491253873431,0.6990964773234264,0.09420539734024805,0.08105334096204979,0.08667740441248657
31_41_r0_d0,31_41_r0_d0_cv.jpgStockholm._gt.png,0.36646483204634206,0.7839814318329227,0.8209232926430268,0.48500580352471295,0.5133186228053237,0.7719611854781251,0.8368982185248824,1.411720559934518,2.8750076921196888,0.35945574169393696,0.2868279716928973,0.343225286169265,1.1335219045971534,0.8550026999466718,1.062810899616932,0.666655305275839,0.7074870992750802,0.6306329425139702,0.08593458418434057,0.10026527979171078,0.09032535829170228,0.633822176512971,0.5167286074552613,0.676346796936632,0.5073132619232783,0.5212704280070684,0.5981269096880933,0.1127607227896633,0.12447000017221217,0.1123585336962551
55_12_r0_d0,55_12_r0_d0_cv.jpgChicago._gt.png,0.4525701013037469,0.4815804756900361,0.42823258629899646,0.5293599683477187,0.5994904605201191,0.48461207557294256,2.3717257533067606,2.7078627438200056,2.1060542190889247,0.37443214883720427,0.4783021222385287,0.25163358870046065,1.1387879794564215,2.093015153713437,0.6852477547933813,0.16818537625844873,0.16340522727302367,0.1530654644656479,0.08343421236962717,0.09580847061979261,0.09495103529312564,0.7253242314822419,0.6056008534753637,0.5440281623483788,0.3732505089813349,0.3989562345778286,0.6300720492747314,0.09346950241030981,0.08154744735569011,0.07028733340618237
11_73_r0_d0,11_73_r0_d0_cv.jpgMexico._gt.png,0.8318467069551698,0.7164394604580738,0.9501644730546104,0.9000574324602785,1.0974559661074599,1.1835324891318741,5.538833147276076,2.3760093561378888,2.8210306388025055,0.5377748064203842,0.8366814366074395,0.6388873207979195,2.7088225833207833,3.1215783686609937,0.37278578812003615,0.48836503589248603,0.37715352595831064,0.19440968180433993,0.1376030254994889,0.11127556859666266,0.12531831323938877,1.21672962141702,0.8823101399940424,0.740512388104602,0.5764469085202072,0.44759988088763203,0.45780954298401777,0.22648259153227082,0.20306718077450114,0.2886153795872633
27_35_r1_d2,27_35_r1_d2_cv.jpgKigali._gt.png,0.7338542105364395,0.6205293347333208,0.7135994796738451,0.7964527199888144,0.8481199629318252,0.8729094213287463,5.250338077672408,6.100356635722215,6.125789194943151,0.8533250428718602,0.955259223936926,0.8176264862286625,3.348015117193456,2.0776180138065827,1.0070609482618165,0.3681390080212295,0.3048776293229712,0.2723841898554856,0.10962325841119605,0.12200915238031894,0.10216721576061741,0.8064870204403415,0.8826706327541033,0.6832088967872405,0.5030721888945482,0.3877866537031459,0.45887179538702183,0.18568515829914303,0.17266567512450912,0.22360618275777505
32_31_r1_d2,32_31_r1_d2_cv.jpgStockholm._gt.png,0.3157875962100297,0.2920649837438323,0.30688346503023783,0.2672661546424897,0.29843838426169894,0.2790064371234548,0.35463166984169586,1.158879984063562,0.37391321411379247,0.18227576170140855,0.21746354223047457,0.25334507875997586,0.42409679483794027,0.5213421131321957,0.39538654665630746,0.16919652589941506,0.17787399632537199,0.1586996865125566,0.11087591449936554,0.10040207382052359,0.09306861007174484,0.5927762701947576,0.5785750619150022,0.5092756074660137,0.5828916454586288,0.4651077337630486,0.41716830804092386,0.0958435867794733,0.0825756397153882,0.07772842432120251
63_65_r1_d0,63_65_r1_d0_cv.jpgOrlando._gt.png,0.49767961916944475,0.35082607734531845,0.33737010456784083,0.3683175048406665,0.48088353841558457,0.5263427021263233,0.4056459762345912,1.1910739248468454,0.4220508639461859,0.30523564505664763,0.42617648512913003,0.2788973362907018,0.3909609586553925,0.4484317414965481,0.3619520300645454,0.14622143752438843,0.19381998290022603,0.1523835569210414,0.0844277298580755,0.08160228648717657,0.10370431436182935,0.5860387865262601,0.5782427383700633,0.5162739578622549,0.504419208758165,0.5013187986111661,0.4647517334271033,0.08194764213294911,0.06994316930487093,0.0851751281930774
63_31_r0_d1,63_31_r0_d1_cv.jpgOrlando._gt.png,0.646934875746454,0.538259243755856,0.528320428214989,0.31034982483567364,0.29508999457109897,0.29924628549312365,1.5081244451112725,0.6432866724674459,2.0624613158643768,0.23164299306490285,0.32201855567721943,0.23843407720006507,1.4799479844637682,1.6482468737017917,1.4206292680159969,1.0450490240486687,0.8507061842743279,0.5804728272587673,0.130525105097714,0.165729507038659,0.11217581032081762,0.6031578541932103,0.4733395889534859,0.5595094801364249,1.1043847193813416,0.5879459314322812,0.5372219372864674,0.10138426787122626,0.08421016697678987,0.09220079980495666
