base,city,img1_L2,img2_L2,img3_L2,mean_L2,max_L2,up25per_L2,img1_PSNR,img2_PSNR,img3_PSNR,mean_PSNR,max_PSNR,up25per_PSNR,img1_SSIM,img2_SSIM,img3_SSIM,mean_SSIM,max_SSIM,up25per_SSIM,img1_LPIPS,img2_LPIPS,img3_LPIPS,mean_LPIPS,max_LPIPS,up25per_LPIPS
14_16_r0_d0,Stockholm,88.59274292,89.2419281,89.03472137,88.95646413,89.2419281,89.13832474,12.79407978,12.7306633,12.78498363,12.76990891,12.79407978,12.78953171,0.104847021,0.120536961,0.113728493,0.113037492,0.120536961,0.117132727,0.447939754,0.475746006,0.457841188,0.460508982,0.475746006,0.466793597
56_10_r1_d0,Stockholm,95.29945374,100.6706924,102.8523026,99.60748291,102.8523026,101.7614975,12.12597179,11.6839819,11.53189182,11.78061517,12.12597179,11.90497684,0.141700178,0.121872507,0.089320786,0.117631157,0.141700178,0.131786343,0.379961133,0.38857466,0.446763158,0.40509965,0.446763158,0.417668909
68_51_r0_d0,SaoPaulo,132.2887268,132.3250885,132.2769012,132.2969055,132.3250885,132.3069077,9.345715523,9.343327522,9.346491814,9.345178286,9.346491814,9.346103668,0.032719541,0.038309641,0.031891827,0.034307003,0.038309641,0.035514591,0.430134773,0.450270325,0.391623765,0.424009621,0.450270325,0.440202549
27_6_r0_d1,Munich,85.36222839,89.49692535,90.40625763,88.42180379,90.40625763,89.95159149,13.11672783,12.70588112,12.65220261,12.82493718,13.11672783,12.91130447,0.187090322,0.177766457,0.155908644,0.173588475,0.187090322,0.18242839,0.426822782,0.42082566,0.462208241,0.436618894,0.462208241,0.444515511
5_29_r1_d2,HongKong,124.5898895,124.146492,130.1240234,126.2868017,130.1240234,127.3569565,9.866516113,9.897483826,9.489023209,9.751007716,9.897483826,9.881999969,0.050196614,0.056720331,0.053624731,0.053513892,0.056720331,0.055172531,0.638997436,0.692577362,0.655059218,0.662211339,0.692577362,0.67381829
40_19_r1_d0,Kigali,55.09814453,55.75533676,56.69752121,55.85033417,56.69752121,56.22642899,16.95343399,16.85044289,16.7048912,16.83625603,16.95343399,16.90193844,0.297935784,0.34451887,0.321203113,0.321219256,0.34451887,0.332860991,0.495244861,0.4642874,0.464502484,0.474678248,0.495244861,0.479873672
46_12_r0_d0,Munich,101.3354492,100.8171997,96.51322937,99.55529277,101.3354492,101.0763245,11.62681484,11.70547962,12.08443642,11.80557696,12.08443642,11.89495802,0.10982921,0.113846809,0.129694521,0.11779018,0.129694521,0.121770665,0.494371116,0.490865707,0.448774219,0.478003681,0.494371116,0.492618412
79_28_r0_d0,Chicago,54.10192871,56.80700684,125.4384308,78.78245544,125.4384308,91.12271881,16.97458839,16.55080414,9.353063583,14.29281871,16.97458839,16.76269627,0.31300509,0.269809961,0.248594478,0.27713651,0.31300509,0.291407526,0.339160591,0.338533163,0.500096738,0.392596831,0.500096738,0.419628665
7_32_r0_d1,SaoPaulo,146.9526367,151.5951996,165.8507996,154.7995453,165.8507996,158.7229996,8.432624817,8.162464142,7.381821156,7.992303371,8.432624817,8.297544479,0.038838774,0.019923316,0.038658503,0.032473531,0.038838774,0.038748639,0.50469631,0.512931585,0.520180523,0.512602806,0.520180523,0.516556054
54_3_r0_d1,SaoPaulo,139.18927,138.2422638,142.0639038,139.8318125,142.0639038,140.6265869,8.904057503,8.963356018,8.72649765,8.864637057,8.963356018,8.93370676,0.049196966,0.067733549,0.062763698,0.059898071,0.067733549,0.065248623,0.468828648,0.429850489,0.437382609,0.445353915,0.468828648,0.453105628
10_47_r1_d1,Singapore,123.4582291,123.9290314,122.3681183,123.2517929,123.9290314,123.6936302,9.945771217,9.912712097,10.02280712,9.960430145,10.02280712,9.984289169,0.104654595,0.09528365,0.082575612,0.094171286,0.104654595,0.099969123,0.549042463,0.5394032,0.505267739,0.531237801,0.549042463,0.544222832
38_46_r0_d1,SaoPaulo,141.4330597,140.0002289,141.593277,141.0088552,141.593277,141.5131683,8.765152931,8.853598595,8.755319595,8.79135704,8.853598595,8.809375763,0.020327423,0.030823613,0.0218825,0.024344512,0.030823613,0.026353057,0.450255036,0.481266499,0.476848781,0.469456772,0.481266499,0.47905764
56_38_r0_d1,Mexico,114.2367554,115.4333115,118.0547104,115.9082591,118.0547104,116.7440109,10.62005424,10.52954865,10.33450603,10.49470297,10.62005424,10.57480145,0.057655063,0.055952843,0.055366054,0.056324653,0.057655063,0.056803953,0.393612951,0.419757813,0.450702161,0.421357642,0.450702161,0.435229987
94_26_r1_d0,Orlando,97.99777222,100.5664063,129.4810944,109.3484243,129.4810944,115.0237503,11.81451893,11.45024872,9.429251671,10.89800644,11.81451893,11.63238382,0.10686288,0.115113184,0.099868625,0.107281563,0.115113184,0.110988032,0.441683769,0.529087842,0.544081867,0.504951159,0.544081867,0.536584854
106_24_r1_d0,Orlando,94.66293335,96.16810608,108.6787949,99.83661143,108.6787949,102.4234505,11.90509224,12.01275826,10.98488426,11.63424492,12.01275826,11.95892525,0.068961576,0.071701981,0.072988272,0.071217276,0.072988272,0.072345126,0.39170444,0.440058589,0.452869296,0.428210775,0.452869296,0.446463943
46_20_r2_d1,Kigali,51.88220596,53.81558609,53.7105751,53.13612239,53.81558609,53.7630806,17.47580528,17.12388039,17.17497635,17.25822067,17.47580528,17.32539082,0.283101231,0.291491628,0.278541714,0.284378191,0.291491628,0.287296429,0.485120386,0.455645174,0.472493678,0.471086413,0.485120386,0.478807032
18_42_r0_d0,SaoPaulo,150.9223785,155.2369232,163.3707733,156.510025,163.3707733,159.3038483,8.201099396,7.956272125,7.512684822,7.890018781,8.201099396,8.07868576,0.036654871,0.025623176,0.035392273,0.032556773,0.036654871,0.036023572,0.479338437,0.510576129,0.49340713,0.494440566,0.510576129,0.50199163
61_58_r0_d1,Mexico,107.249115,109.4371414,106.8715515,107.8526026,109.4371414,108.3431282,11.16829777,10.99287796,11.19892979,11.12003517,11.19892979,11.18361378,0.052180041,0.035710011,0.031154461,0.039681504,0.052180041,0.043945026,0.316526175,0.338723391,0.358724505,0.337991357,0.358724505,0.348723948
37_13_r0_d0,Kinshasa,54.30866623,51.49092484,52.24370956,52.68110021,54.30866623,53.2761879,17.07878876,17.26469231,16.92502975,17.08950361,17.26469231,17.17174053,0.18882668,0.20666641,0.205543667,0.200345586,0.20666641,0.206105039,0.403404087,0.377309263,0.404386997,0.395033449,0.404386997,0.403895542
39_15_r2_d1,Kigali,73.57039642,70.27214813,63.83838272,69.22697576,73.57039642,71.92127228,13.39347649,14.45750141,15.6745348,14.50850423,15.6745348,15.0660181,0.238464534,0.299525708,0.29922989,0.279073377,0.299525708,0.299377799,0.403027982,0.361658126,0.383290231,0.38265878,0.403027982,0.393159106
19_35_r0_d0,HongKong,135.3118286,146.833847,137.617569,139.9210815,146.833847,142.225708,9.149456978,8.439648628,9.002695084,8.863933563,9.149456978,9.076076031,0.052999385,0.0333375,0.051411491,0.045916125,0.052999385,0.052205438,0.468615979,0.499770373,0.505933642,0.491439998,0.505933642,0.502852008
20_63_r0_d0,Chicago,150.0137329,128.0504456,131.6493378,136.5711721,150.0137329,140.8315353,8.21942234,9.52575779,9.319405556,9.021528562,9.52575779,9.422581673,0.004656699,0.051962078,0.073188625,0.043269134,0.073188625,0.062575351,0.429477215,0.382039189,0.327448845,0.379655083,0.429477215,0.405758202
38_50_r0_d1,Kinshasa,82.42875671,81.7146759,84.53941345,82.89428202,84.53941345,83.48408508,13.45459843,13.53017139,13.23498726,13.40658569,13.53017139,13.49238491,0.093115836,0.093455739,0.067715108,0.084762228,0.093455739,0.093285788,0.373406589,0.371125579,0.365935415,0.370155861,0.373406589,0.372266084
10_14_r1_d0,Kinshasa,53.50534439,26.99631691,51.69391251,44.06519127,53.50534439,52.59962845,16.71776581,20.63994598,17.50738335,18.28836505,20.63994598,19.07366467,0.348103285,0.429812878,0.38462615,0.387514104,0.429812878,0.407219514,0.446187556,0.285861015,0.459322035,0.397123535,0.459322035,0.452754796
1_6_r0_d0,Mexico,123.4002991,127.4271622,134.9685974,128.5986862,134.9685974,131.1978798,9.949848175,9.670931816,9.171518326,9.597432772,9.949848175,9.810389996,0.024668606,0.05164903,0.022639282,0.032985639,0.05164903,0.038158818,0.469282538,0.467536718,0.45684731,0.464555522,0.469282538,0.468409628
55_34_r0_d1,Chicago,130.5023193,114.8540192,112.5454941,119.3006109,130.5023193,122.6781693,9.395415306,10.57324886,10.74960995,10.23942471,10.74960995,10.66142941,0.13362664,0.154668644,0.166327938,0.151541074,0.166327938,0.160498291,0.557106376,0.452110082,0.543363154,0.517526537,0.557106376,0.550234765
14_32_r0_d0,Singapore,120.193573,121.2195969,121.7732697,121.0621465,121.7732697,121.4964333,10.17854786,10.10471535,10.06513309,10.1161321,10.17854786,10.1416316,0.033753421,0.050179869,0.044648334,0.042860541,0.050179869,0.047414102,0.546641827,0.530816376,0.545373619,0.54094394,0.546641827,0.546007723
22_35_r1_d1,Stockholm,113.9189072,122.6951904,123.7647705,120.1262894,123.7647705,123.2299805,10.47225285,9.965492249,9.890102386,10.10928249,10.47225285,10.21887255,0.041170917,0.048261207,0.05118316,0.046871761,0.05118316,0.049722183,0.37283951,0.332889378,0.375979692,0.360569527,0.375979692,0.374409601
30_45_r0_d0,HongKong,91.78050232,109.5641327,105.2518768,102.1988373,109.5641327,107.4080048,12.52116489,10.98280525,11.33157444,11.6118482,12.52116489,11.92636967,0.129914239,0.124003872,0.152512372,0.135476828,0.152512372,0.141213305,0.585985899,0.608820736,0.565032482,0.586613039,0.608820736,0.597403318
27_63_r1_d1,Stockholm,66.18894958,66.77401733,79.68152618,70.8814977,79.68152618,73.22777176,15.04836082,15.14669323,13.36601353,14.52035586,15.14669323,15.09752703,0.19507578,0.170776755,0.176880524,0.180911019,0.19507578,0.185978152,0.448384166,0.430193156,0.48960048,0.456059267,0.48960048,0.468992323
51_39_r0_d1,Orlando,101.3643799,103.4492264,101.4070358,102.0735474,103.4492264,102.4281311,11.55567169,11.37883472,11.55201817,11.49550819,11.55567169,11.55384493,0.083092235,0.07567808,0.08600805,0.081592788,0.08600805,0.084550142,0.420952171,0.427754015,0.45987469,0.436193625,0.45987469,0.443814352
5_30_r0_d0,Kigali,60.54214096,60.73476028,59.33112335,60.20267487,60.73476028,60.63845062,16.13501549,16.10742569,16.31052208,16.18432109,16.31052208,16.22276878,0.282153368,0.257921278,0.269556791,0.269877146,0.282153368,0.275855079,0.462387115,0.476504147,0.480966568,0.473285943,0.480966568,0.478735358
84_51_r0_d1,Orlando,79.46014404,85.52758789,110.9500122,91.97924805,110.9500122,98.23880005,13.35450649,12.92723179,10.77083206,12.35085678,13.35450649,13.14086914,0.219757736,0.248260707,0.263287038,0.243768493,0.263287038,0.255773872,0.421398461,0.489454031,0.417294592,0.442715695,0.489454031,0.455426246
18_47_r0_d1,Kinshasa,76.11705017,68.76222229,74.95748901,73.27892049,76.11705017,75.53726959,14.07814026,15.0291729,14.21147823,14.43959713,15.0291729,14.62032557,0.145627886,0.139020383,0.148955479,0.144534583,0.148955479,0.147291683,0.404561877,0.336605489,0.392414987,0.377860785,0.404561877,0.398488432
9_52_r0_d1,SaoPaulo,133.3083344,143.9038391,144.2033386,140.4718374,144.2033386,144.0535889,9.279026985,8.614724159,8.596666336,8.83013916,9.279026985,8.946875572,0.034300245,0.034597382,0.033964779,0.034287469,0.034597382,0.034448814,0.421024919,0.476062834,0.446531653,0.447873135,0.476062834,0.461297244
25_24_r2_d2,HongKong,109.8675308,100.8104248,121.3680878,110.6820145,121.3680878,115.6178093,10.95878506,11.70606422,10.09408283,10.91964404,11.70606422,11.33242464,0.103399098,0.125759587,0.069625624,0.099594769,0.125759587,0.114579342,0.576222122,0.511358082,0.549771369,0.545783858,0.576222122,0.562996745
21_55_r2_d2,HongKong,135.7736816,144.7531128,145.4337463,141.9868469,145.4337463,145.0934296,9.119860649,8.563613892,8.52286911,8.735447884,9.119860649,8.84173727,0.046086397,0.043762822,0.042945698,0.044264972,0.046086397,0.044924609,0.495484054,0.503375173,0.486235887,0.495031705,0.503375173,0.499429613
39_40_r1_d0,Singapore,111.0141525,94.74884033,135.9697876,113.9109268,135.9697876,123.4919701,10.86860561,12.14190102,9.1073246,10.70594374,12.14190102,11.50525331,0.213899568,0.281915843,0.19650048,0.230771964,0.281915843,0.247907706,0.620781422,0.592016935,0.674508452,0.62910227,0.674508452,0.647644937
24_51_r2_d1,Kigali,66.27680206,68.69430542,61.10534668,65.35881805,68.69430542,67.48555374,15.3489418,15.03775787,16.05458832,15.48042933,16.05458832,15.70176506,0.216767937,0.215603918,0.236904994,0.223092283,0.236904994,0.226836465,0.433696628,0.454100966,0.402540088,0.430112561,0.454100966,0.443898797
25_47_r2_d0,HongKong,129.9884491,133.5827484,135.4748383,133.0153453,135.4748383,134.5287933,9.498078346,9.261165619,9.138998985,9.299414317,9.498078346,9.379621983,0.060876846,0.05656587,0.048159011,0.055200576,0.060876846,0.058721358,0.544396102,0.531415164,0.559365869,0.545059045,0.559365869,0.551880985
63_40_r0_d0,Orlando,74.28123474,70.84801483,80.61014557,75.24646505,80.61014557,77.44569016,14.11681938,14.56280231,13.54558468,14.07506879,14.56280231,14.33981085,0.295250624,0.382217616,0.337524772,0.338331004,0.382217616,0.359871194,0.360836267,0.352098286,0.388023883,0.366986146,0.388023883,0.374430075
38_12_r0_d1,SaoPaulo,141.5112152,150.2536621,151.8240509,147.8629761,151.8240509,151.0388565,8.760354996,8.239670753,8.14936161,8.38312912,8.760354996,8.500012875,0.035743762,0.032695726,0.04573223,0.038057239,0.04573223,0.040737996,0.483556658,0.480419278,0.493994713,0.485990216,0.493994713,0.488775685
34_20_r1_d1,Kinshasa,70.6704483,70.32500458,69.86666107,70.28737132,70.6704483,70.49772644,14.79141521,14.83397579,14.89077187,14.83872096,14.89077187,14.86237383,0.107402854,0.124446534,0.119419657,0.117089681,0.124446534,0.121933095,0.394885927,0.406115234,0.398466706,0.399822623,0.406115234,0.40229097
1_1_r0_d0,Mexico,109.2182693,126.0850983,129.6416168,121.6483281,129.6416168,127.8633575,11.01026726,9.762897491,9.52128315,10.0981493,11.01026726,10.38658237,0.04608389,0.031551309,0.025907673,0.034514291,0.04608389,0.038817599,0.491598755,0.452364862,0.47365886,0.472540826,0.491598755,0.482628807
39_27_r0_d0,Kigali,76.60823059,76.56319427,71.99764252,75.05635579,76.60823059,76.58571243,14.09066391,14.09577274,14.62980747,14.27208138,14.62980747,14.36279011,0.217217252,0.216120318,0.228660449,0.220666006,0.228660449,0.222938851,0.474016666,0.473718286,0.466000021,0.471244991,0.474016666,0.473867476
86_14_r0_d1,Orlando,85.46124268,82.42163086,116.3666229,94.74983215,116.3666229,100.9139328,13.00345802,13.2485323,10.28760147,12.17986393,13.2485323,13.12599516,0.161261499,0.153503269,0.126688763,0.147151177,0.161261499,0.157382384,0.541644692,0.523275316,0.554287732,0.539735913,0.554287732,0.547966212
91_30_r0_d1,Orlando,119.3042679,121.2606354,131.1387024,123.9012019,131.1387024,126.1996689,9.752591133,9.860005379,9.214738846,9.609111786,9.860005379,9.806298256,0.08870101,0.113833964,0.112651601,0.105062192,0.113833964,0.113242783,0.455212772,0.482488155,0.49228549,0.476662139,0.49228549,0.487386823
38_86_r1_d1,Kinshasa,56.19867325,28.49668121,54.41581345,46.3703893,56.19867325,55.30724335,16.74752235,21.39793777,17.0616703,18.40237681,21.39793777,19.22980404,0.203620255,0.387874842,0.182657585,0.258050894,0.387874842,0.295747548,0.415825993,0.268036246,0.432934225,0.372265488,0.432934225,0.424380109
39_16_r0_d0,Mexico,134.5787506,135.1166229,147.3818054,139.0257263,147.3818054,141.2492142,9.196641922,9.161996841,8.407295227,8.921977997,9.196641922,9.179319382,0.045971416,0.029486464,0.032606501,0.03602146,0.045971416,0.039288959,0.498655587,0.488411099,0.488681525,0.49191607,0.498655587,0.493668556
10_42_r1_d0,Singapore,127.0056229,126.1558914,140.4834747,131.2149963,140.4834747,133.7445488,9.699712753,9.758021355,8.823667526,9.427133878,9.758021355,9.728867054,0.04278937,0.071717933,0.074316427,0.062941243,0.074316427,0.07301718,0.514086008,0.49914968,0.539592743,0.517609477,0.539592743,0.526839375
29_81_r1_d0,Singapore,69.1246109,84.81839752,99.35264587,84.43188477,99.35264587,92.0855217,14.27407169,12.99955368,11.76419067,13.01260535,14.27407169,13.63681269,0.32607317,0.251034498,0.190207839,0.255771836,0.32607317,0.288553834,0.406350344,0.458305478,0.512089729,0.458915184,0.512089729,0.485197604
12_49_r1_d1,HongKong,45.96483994,45.41396332,50.90641403,47.42840576,50.90641403,48.43562698,16.54677582,17.23077393,17.11414337,16.96389771,17.23077393,17.17245865,0.093522921,0.119229011,0.148647994,0.120466642,0.148647994,0.133938503,0.388910651,0.490945101,0.628302872,0.502719541,0.628302872,0.559623986
40_84_r0_d0,Kinshasa,62.29834366,60.16580963,59.07580185,60.51331838,62.29834366,61.23207664,15.88664246,16.18917656,16.34797859,16.14126587,16.34797859,16.26857758,0.125542209,0.133212,0.121234968,0.126663059,0.133212,0.129377104,0.422893673,0.377360582,0.378216803,0.392823686,0.422893673,0.400555238
71_44_r0_d1,SaoPaulo,139.9667511,139.799469,136.8049469,138.8570557,139.9667511,139.88311,8.855674744,8.866063118,9.05413723,8.925291697,9.05413723,8.960100174,0.019281205,0.031484112,0.036053456,0.028939591,0.036053456,0.033768784,0.4644261,0.453142524,0.464614928,0.460727851,0.464614928,0.464520514
47_37_r0_d0,Orlando,98.41078949,99.12210083,99.51392365,99.01560465,99.51392365,99.31801224,11.70850182,11.64594555,11.8184948,11.72431405,11.8184948,11.76349831,0.096970581,0.084156215,0.105001874,0.095376223,0.105001874,0.100986227,0.388110936,0.414563358,0.42883864,0.410504311,0.42883864,0.421700999
20_17_r1_d0,Munich,75.15886688,75.92301178,95.79016113,82.29067993,95.79016113,85.85658646,13.90908623,14.03137493,11.44030857,13.12692324,14.03137493,13.97023058,0.246680692,0.264417797,0.196904078,0.236000856,0.264417797,0.255549245,0.469595015,0.521986425,0.553696156,0.515092532,0.553696156,0.53784129
16_55_r1_d1,Singapore,134.7454071,129.3821259,144.4124908,136.1800079,144.4124908,139.578949,9.185892105,9.538685799,8.584076881,9.102884928,9.538685799,9.362288952,0.097568437,0.091697939,0.08748582,0.092250732,0.097568437,0.094633188,0.545064569,0.540999353,0.564545989,0.550203303,0.564545989,0.554805279
47_89_r1_d1,Kinshasa,36.07362366,29.70417976,29.80604362,31.86128235,36.07362366,32.93983364,20.63237762,22.04295731,21.54359818,21.40631104,22.04295731,21.79327774,0.326374859,0.355291396,0.321885228,0.334517161,0.355291396,0.340833127,0.340928912,0.266869366,0.29483214,0.300876806,0.340928912,0.317880526
73_65_r0_d0,Orlando,80.70975494,78.31971741,95.82791138,84.95246124,95.82791138,88.26883316,13.32554913,13.79595757,11.93951511,13.0203406,13.79595757,13.56075335,0.125002265,0.150350124,0.121630646,0.132327678,0.150350124,0.137676194,0.44538337,0.45304355,0.469790459,0.45607246,0.469790459,0.461417004
15_49_r1_d0,Orlando,80.60703278,81.27059174,104.2878647,88.72182973,104.2878647,92.77922821,13.33661079,13.5775032,11.20468044,12.70626481,13.5775032,13.457057,0.15847522,0.174733624,0.15302074,0.162076528,0.174733624,0.166604422,0.385017276,0.358950138,0.47377938,0.405915598,0.47377938,0.429398328
43_12_r0_d2,Munich,103.075531,109.5896454,100.3454895,104.3368886,109.5896454,106.3325882,11.47893143,10.98078156,11.64342213,11.3677117,11.64342213,11.56117678,0.176144913,0.145536378,0.119493522,0.147058271,0.176144913,0.160840645,0.54955852,0.545695126,0.583690524,0.559648057,0.583690524,0.566624522
17_55_r1_d0,Singapore,116.8963242,127.7299042,136.6891479,127.1051254,136.6891479,132.2095261,10.42015457,9.650321007,9.061491966,9.710655848,10.42015457,10.03523779,0.079264231,0.095634155,0.094463103,0.089787163,0.095634155,0.095048629,0.507788956,0.576098442,0.561166883,0.548351427,0.576098442,0.568632662
26_53_r1_d1,Kinshasa,79.03614807,78.80696869,75.79711914,77.88007863,79.03614807,78.92155838,13.81965733,13.8448801,14.18311787,13.94921843,14.18311787,14.01399899,0.067244545,0.071270719,0.079258263,0.072591176,0.079258263,0.075264491,0.361147076,0.364299893,0.352884769,0.359443913,0.364299893,0.362723485
62_66_r1_d0,Orlando,102.6183701,91.41726685,111.6274643,101.8877004,111.6274643,107.1229172,11.3448534,12.38360405,10.75235748,11.49360498,12.38360405,11.86422873,0.148738027,0.156700104,0.109987639,0.138475257,0.156700104,0.152719066,0.522828817,0.501551688,0.506142378,0.510174294,0.522828817,0.514485598
17_51_r1_d0,Kigali,73.48199463,71.30257416,67.10886383,70.63114421,73.48199463,72.39228439,14.4525528,14.71406841,15.24057484,14.80239868,15.24057484,14.97732162,0.203817621,0.207770824,0.220552295,0.21071358,0.220552295,0.21416156,0.427831233,0.412340164,0.408607721,0.416259706,0.427831233,0.420085698
28_72_r1_d0,Kinshasa,97.46691895,96.56762695,89.63273621,94.5557607,97.46691895,97.01727295,11.65154648,12.07954025,12.72683907,12.15264193,12.72683907,12.40318966,0.090594895,0.088087283,0.089772075,0.089484751,0.090594895,0.090183485,0.398657322,0.408081234,0.386914849,0.397884468,0.408081234,0.403369278
46_28_r0_d0,Mexico,122.2441025,117.194313,125.0080414,121.4821523,125.0080414,123.6260719,10.03161335,10.39804077,9.837413788,10.08902264,10.39804077,10.21482706,0.043581147,0.060306069,0.055554442,0.053147219,0.060306069,0.057930255,0.368602812,0.344344169,0.364783376,0.359243453,0.368602812,0.366693094
30_68_r1_d1,Kinshasa,61.56870651,58.76506805,57.76815414,59.36730957,61.56870651,60.16688728,15.98897171,16.29099464,16.30063248,16.19353294,16.30063248,16.29581356,0.1366335,0.153638527,0.168606162,0.152959396,0.168606162,0.161122344,0.407804638,0.401010841,0.415551484,0.408122321,0.415551484,0.411678061
24_55_r0_d1,HongKong,88.63441467,86.0089798,92.10804749,88.91714732,92.10804749,90.37123108,12.82412434,13.08529663,12.49022007,12.79988035,13.08529663,12.95471048,0.11442785,0.11638248,0.133321479,0.121377269,0.133321479,0.124851979,0.559828401,0.536565661,0.638228714,0.578207592,0.638228714,0.599028558
28_46_r1_d0,HongKong,130.3981628,134.259903,119.6393661,128.099144,134.259903,132.3290329,9.470743179,9.217245102,10.21869087,9.635559718,10.21869087,9.844717026,0.053376742,0.043835297,0.049612813,0.048941617,0.053376742,0.051494777,0.505900264,0.509088516,0.471858799,0.49561586,0.509088516,0.50749439
97_28_r0_d1,Orlando,88.86057281,86.76158905,88.47457886,88.03224691,88.86057281,88.66757584,12.69919682,12.83761978,12.73700905,12.75794188,12.83761978,12.78731441,0.144795135,0.12769419,0.135185272,0.135891532,0.144795135,0.139990203,0.411145151,0.417116404,0.44514364,0.424468398,0.44514364,0.431130022
34_18_r2_d1,HongKong,116.6752472,132.3817291,120.8175964,123.2915243,132.3817291,126.5996628,10.43659782,9.339611053,10.13356781,9.969925563,10.43659782,10.28508282,0.202187851,0.140832871,0.188988596,0.177336439,0.202187851,0.195588224,0.406677812,0.412176698,0.407498419,0.40878431,0.412176698,0.409837559
3_49_r1_d1,Singapore,74.2062149,71.6902771,89.22440338,78.3736318,89.22440338,81.71530914,13.24152374,13.02181244,12.27603722,12.8464578,13.24152374,13.13166809,0.163328871,0.14908123,0.167363644,0.159924582,0.167363644,0.165346257,0.643395543,0.64852941,0.596282065,0.629402339,0.64852941,0.645962477
22_20_r1_d0,Munich,92.22658539,97.26792908,97.92333221,95.80594889,97.92333221,97.59563065,12.41065693,11.9826498,11.82111931,12.07147535,12.41065693,12.19665337,0.102072015,0.06465438,0.089924477,0.085550291,0.102072015,0.095998246,0.466526002,0.47753644,0.462041259,0.468701233,0.47753644,0.472031221
49_41_r0_d0,Mexico,109.7675934,111.8210144,114.0311203,111.8732427,114.0311203,112.9260674,10.96668911,10.80570316,10.63570499,10.80269909,10.96668911,10.88619614,0.090287216,0.052679867,0.075631753,0.072866278,0.090287216,0.082959484,0.345630318,0.351738304,0.342756569,0.346708397,0.351738304,0.348684311
8_26_r0_d0,Orlando,88.10159302,85.34179688,97.13632965,90.19323985,97.13632965,92.61896133,12.6696806,13.11880684,11.75167274,12.51338673,13.11880684,12.89424372,0.146182656,0.145589903,0.141371608,0.144381389,0.146182656,0.14588628,0.452054441,0.409793943,0.468986899,0.443611761,0.468986899,0.46052067
52_31_r0_d1,Orlando,136.7091064,126.1069794,138.6008301,133.8056386,138.6008301,137.6549683,8.641545296,9.624060631,8.803526878,9.023044268,9.624060631,9.213793755,0.068719506,0.120333783,0.121708542,0.103587277,0.121708542,0.121021163,0.516705811,0.557314277,0.51724869,0.530422926,0.557314277,0.537281483
15_24_r0_d1,SaoPaulo,140.1838531,146.0929718,143.738739,143.3385213,146.0929718,144.9158554,8.842213631,8.483586311,8.624695778,8.65016524,8.842213631,8.733454704,0.025518108,0.025273982,0.019581776,0.023457956,0.025518108,0.025396045,0.397983313,0.44440949,0.423996389,0.42212973,0.44440949,0.434202939
12_51_r1_d0,Munich,107.4138565,100.9390793,99.50732422,102.6200867,107.4138565,104.1764679,11.15496635,11.69498634,11.78494263,11.54496511,11.78494263,11.73996449,0.041807804,0.063645907,0.04888903,0.05144758,0.063645907,0.056267468,0.472941637,0.469388306,0.441520333,0.461283425,0.472941637,0.471164972
20_7_r0_d1,Kigali,68.11868286,68.5802002,70.14450836,68.94779714,70.14450836,69.36235428,15.11084747,15.05219841,14.85629845,15.00644811,15.11084747,15.08152294,0.202918485,0.194386646,0.188753054,0.195352728,0.202918485,0.198652565,0.457356066,0.460811079,0.486122996,0.468096713,0.486122996,0.473467037
14_74_r0_d1,Singapore,130.9307709,136.159668,137.8548279,134.9817556,137.8548279,137.0072479,9.435338974,9.0952034,8.987732887,9.17275842,9.435338974,9.265271187,0.056806799,0.050117049,0.052179992,0.053034614,0.056806799,0.054493396,0.419390172,0.457347214,0.467989475,0.448242287,0.467989475,0.462668344
1_28_r1_d1,Kigali,68.18448639,69.36881256,67.0189209,68.19073995,69.36881256,68.77664948,15.06833076,14.95288754,15.25222301,15.0911471,15.25222301,15.16027689,0.194097504,0.190986633,0.186130941,0.190405026,0.194097504,0.192542069,0.418839425,0.41666919,0.428446352,0.421318322,0.428446352,0.423642889
76_55_r0_d0,Mexico,127.2313766,115.0437241,113.5736389,118.6162465,127.2313766,121.1375504,9.684288025,10.55891418,10.67062187,10.30460803,10.67062187,10.61476803,0.024303935,0.04024284,0.042204097,0.035583624,0.042204097,0.041223468,0.482377201,0.47763598,0.462387174,0.474133452,0.482377201,0.48000659
17_40_r1_d1,Singapore,117.2314148,120.577095,134.7761841,124.194898,134.7761841,127.6766396,10.39529324,10.15087509,9.183909416,9.910025915,10.39529324,10.27308416,0.064564459,0.039970264,0.049358532,0.051297752,0.064564459,0.056961495,0.5341748,0.544950604,0.580355704,0.553160369,0.580355704,0.562653154
109_16_r1_d0,Orlando,103.6677704,105.9078522,118.0557404,109.2104543,118.0557404,111.9817963,11.36050415,11.17481613,10.26603794,10.93378607,11.36050415,11.26766014,0.078632176,0.073595785,0.074532606,0.075586855,0.078632176,0.076582391,0.461660534,0.477009833,0.481112927,0.473261098,0.481112927,0.47906138
48_11_r0_d1,Orlando,106.1891937,80.69560242,111.6847992,99.52319845,111.6847992,108.9369965,11.01279545,13.43235779,10.64428806,11.69648043,13.43235779,12.22257662,0.141363725,0.125408709,0.122611687,0.129794707,0.141363725,0.133386217,0.532452106,0.427132845,0.563591063,0.507725338,0.563591063,0.548021585
26_41_r1_d1,Kigali,79.0109787,79.54325867,75.27326965,77.94250234,79.54325867,79.27711868,13.82242298,13.76410484,14.2433567,13.94329484,14.2433567,14.03288984,0.18072696,0.172998592,0.182334423,0.178686659,0.182334423,0.181530692,0.433431327,0.446270049,0.426293373,0.435331583,0.446270049,0.439850688
13_42_r0_d1,HongKong,53.16801453,51.13139343,53.91720963,52.73887253,53.91720963,53.54261208,14.93305206,16.2804985,16.20752907,15.80702655,16.2804985,16.24401379,0.125660792,0.157456428,0.153105319,0.145407513,0.157456428,0.155280873,0.455771208,0.504649103,0.568400562,0.509606957,0.568400562,0.536524832
16_44_r0_d1,SaoPaulo,158.8487396,156.5691986,164.3175659,159.9118347,164.3175659,161.5831528,7.756496906,7.8820467,7.462492943,7.700345516,7.8820467,7.819271803,0.024212167,0.035188872,0.025700957,0.028367332,0.035188872,0.030444914,0.470301241,0.4697496,0.475701749,0.47191753,0.475701749,0.473001495
21_22_r1_d1,Singapore,144.7989502,144.6195221,141.0357056,143.484726,144.7989502,144.7092361,8.560864449,8.571633339,8.789590836,8.640696208,8.789590836,8.680612087,0.026398109,0.035954483,0.051769614,0.038040735,0.051769614,0.043862049,0.495197386,0.507251024,0.522463858,0.508304089,0.522463858,0.514857441
82_6_r1_d0,Orlando,78.51649475,79.3397522,103.7841187,87.2134552,103.7841187,91.56193542,13.67013741,13.78635597,11.17668915,12.87772751,13.78635597,13.72824669,0.221927047,0.228068426,0.233726189,0.227907221,0.233726189,0.230897307,0.359012425,0.337665737,0.454339147,0.383672436,0.454339147,0.406675786
7_48_r0_d2,Munich,104.4175949,102.0360718,106.6106262,104.3547643,106.6106262,105.5141106,11.40069866,11.60109711,11.22016239,11.40731939,11.60109711,11.50089788,0.064358033,0.048522897,0.062750779,0.058543903,0.064358033,0.063554406,0.463992745,0.460203528,0.486151814,0.470116029,0.486151814,0.47507228
35_86_r0_d1,Mexico,115.6670685,116.94104,111.0037155,114.5372747,116.94104,116.3040543,10.5119772,10.41683292,10.86942196,10.59941069,10.86942196,10.69069958,0.053454697,0.059353031,0.058466192,0.057091307,0.059353031,0.058909612,0.423083872,0.436210096,0.453704327,0.437666098,0.453704327,0.444957212
50_10_r0_d1,Orlando,86.21809387,75.29984283,136.6674652,99.39513397,136.6674652,111.4427795,12.89220142,14.1374979,8.890867233,11.97352219,14.1374979,13.51484966,0.284335494,0.293435663,0.178285882,0.252019013,0.293435663,0.288885579,0.47433719,0.471602976,0.576712251,0.507550806,0.576712251,0.525524721
24_54_r1_d1,HongKong,102.2365265,92.70618439,104.5741577,99.8389562,104.5741577,103.4053421,11.58405113,12.43399811,11.38768387,11.80191104,12.43399811,12.00902462,0.083900273,0.103740677,0.100050502,0.095897151,0.103740677,0.101895589,0.528919041,0.542226315,0.611369789,0.560838381,0.611369789,0.576798052
75_34_r1_d0,Orlando,106.8574982,106.645401,98.19578552,103.8995616,106.8574982,106.7514496,11.06274319,11.08000088,11.90018559,11.34764322,11.90018559,11.49009323,0.08641845,0.080628328,0.091378674,0.086141817,0.091378674,0.088898562,0.466220856,0.457027465,0.433527619,0.452258646,0.466220856,0.46162416
60_21_r0_d1,Chicago,118.0504761,119.7762985,120.4106216,119.4124654,120.4106216,120.0934601,10.33481693,10.14036179,10.12874699,10.20130857,10.33481693,10.23758936,0.037547488,0.023344787,0.041100111,0.033997462,0.041100111,0.039323799,0.455343127,0.434120208,0.457215071,0.448892802,0.457215071,0.456279099
11_59_r1_d2,Kigali,73.40634918,75.94426727,71.30675507,73.55245717,75.94426727,74.67530823,14.46150017,14.16627216,14.71355915,14.44711049,14.71355915,14.58752966,0.174957275,0.144801408,0.191194177,0.17031762,0.191194177,0.183075726,0.384652495,0.424894631,0.392547965,0.400698364,0.424894631,0.408721298
13_48_r0_d0,Kigali,79.03061676,80.02358246,72.99443054,77.34954325,80.02358246,79.52709961,13.82026386,13.71181202,14.51037788,14.01415126,14.51037788,14.16532087,0.146044165,0.153074309,0.169656992,0.156258489,0.169656992,0.161365651,0.401055038,0.394883186,0.382967293,0.392968506,0.401055038,0.397969112
8_35_r0_d0,Orlando,107.3781891,103.6923447,129.6865387,113.5856908,129.6865387,118.5323639,10.95103359,11.21946907,9.276504517,10.48233573,11.21946907,11.08525133,0.062988304,0.058070078,0.067371443,0.062809942,0.067371443,0.065179873,0.424608529,0.429295927,0.530608594,0.46150435,0.530608594,0.479952261
21_63_r0_d2,Munich,107.4599228,107.6986847,109.5517731,108.2367935,109.5517731,108.6252289,11.01391125,11.13196373,10.70691967,10.95093155,11.13196373,11.07293749,0.139539525,0.14251864,0.144048542,0.142035569,0.144048542,0.143283591,0.436468124,0.513561726,0.488975078,0.479668309,0.513561726,0.501268402
21_39_r0_d0,Mexico,131.8485718,129.8417206,142.7305908,134.8069611,142.7305908,137.2895813,9.374664307,9.507886887,8.68583107,9.189460754,9.507886887,9.441275597,0.051784936,0.029761735,0.027922569,0.036489747,0.051784936,0.040773336,0.51833725,0.548525333,0.549389303,0.538750629,0.549389303,0.548957318
11_42_r0_d1,Mexico,118.0656052,117.2842941,119.5596695,118.3031896,119.5596695,118.8126373,10.33370495,10.39137459,10.22447872,10.31651942,10.39137459,10.36253977,0.032124948,0.042214226,0.028920054,0.034419743,0.042214226,0.037169587,0.401379943,0.436856508,0.429403871,0.422546774,0.436856508,0.43313019
76_46_r0_d1,Orlando,87.91280365,88.51367188,113.99897,96.80848185,113.99897,101.256321,12.79233646,12.80183601,10.39638424,11.99685224,12.80183601,12.79708624,0.096749149,0.088928744,0.100005955,0.095227949,0.100005955,0.098377552,0.390330315,0.427424222,0.499291629,0.439015388,0.499291629,0.463357925
47_11_r1_d0,Orlando,88.72887421,96.84164429,111.1620865,98.91086833,111.1620865,104.0018654,12.46739101,12.02080059,10.7197094,11.735967,12.46739101,12.2440958,0.084077284,0.097352207,0.084889472,0.088772987,0.097352207,0.091120839,0.442730963,0.491000891,0.510021746,0.4812512,0.510021746,0.500511318
24_20_r0_d1,Chicago,128.2636414,131.7460938,136.4426575,132.1507975,136.4426575,134.0943756,9.61410141,9.313025475,9.077169418,9.334765434,9.61410141,9.463563442,0.036007844,0.030024923,0.034355275,0.033462681,0.036007844,0.03518156,0.460663229,0.447209239,0.469745487,0.459205985,0.469745487,0.465204358
63_31_r0_d1,Orlando,119.4973907,116.0553741,114.2523117,116.6016922,119.4973907,117.7763824,10.16061115,10.41447449,10.51607895,10.36372153,10.51607895,10.46527672,0.147350505,0.140011296,0.156784907,0.148048903,0.156784907,0.152067706,0.376907885,0.345704556,0.363082975,0.361898472,0.376907885,0.36999543
10_62_r0_d1,Singapore,135.1575317,138.5773163,146.2971649,140.010671,146.2971649,142.4372406,9.159367561,8.942329407,8.471453667,8.857716878,9.159367561,9.050848484,0.076633818,0.056309383,0.058279201,0.063740801,0.076633818,0.06745651,0.445598543,0.438941121,0.473708689,0.452749451,0.473708689,0.459653616
64_9_r0_d1,Chicago,99.06229401,100.8492508,123.8238144,107.9117864,123.8238144,112.3365326,11.6511879,11.70271873,9.57260704,10.97550456,11.70271873,11.67695332,0.15779525,0.191076934,0.183608174,0.177493453,0.191076934,0.187342554,0.502812266,0.487901807,0.565131366,0.518615146,0.565131366,0.533971816
31_41_r0_d0,Stockholm,121.8509598,128.4200439,126.340477,125.5371602,128.4200439,127.3802605,9.991199493,9.603515625,9.745322227,9.780012449,9.991199493,9.86826086,0.070129842,0.067757376,0.052822951,0.063570056,0.070129842,0.068943609,0.41228655,0.384581357,0.411387205,0.402751704,0.41228655,0.411836877
42_11_r0_d0,Stockholm,92.90903473,96.85159302,89.27278137,93.01113637,96.85159302,94.88031387,12.31222057,12.05403709,12.69339848,12.35321871,12.69339848,12.50280952,0.114255868,0.104403168,0.121114448,0.113257828,0.121114448,0.117685158,0.497456133,0.505261898,0.477549613,0.493422548,0.505261898,0.501359016
73_69_r0_d1,Chicago,136.4854736,150.0102081,156.8455811,147.7804209,156.8455811,153.4278946,9.040313721,8.18536377,7.866726398,8.36413463,9.040313721,8.612838745,0.035843629,0.02461037,0.024106409,0.028186803,0.035843629,0.030227,0.480441034,0.501725376,0.483338326,0.488501579,0.501725376,0.492531851
50_17_r0_d2,Munich,78.08110809,73.81308746,96.35595703,82.75005086,96.35595703,87.21853256,13.78792286,14.20668888,11.6799221,13.22484461,14.20668888,13.99730587,0.30532971,0.304511279,0.230553135,0.280131375,0.30532971,0.304920495,0.520048738,0.502865493,0.539753318,0.520889183,0.539753318,0.529901028
53_25_r1_d0,Kinshasa,94.60682678,92.08249664,90.62310028,92.43747457,94.60682678,93.34466171,12.25772285,12.49263096,12.63139439,12.46058273,12.63139439,12.56201267,0.075200856,0.093839385,0.078119248,0.082386496,0.093839385,0.085979316,0.500695825,0.517593324,0.50493741,0.507742186,0.517593324,0.511265367
28_43_r1_d1,HongKong,137.1509705,145.8812714,133.7792664,138.9371694,145.8812714,141.5161209,9.032195091,8.496181488,9.248396873,8.925591151,9.248396873,9.140295982,0.044953279,0.02343289,0.035119724,0.034501964,0.044953279,0.040036501,0.442077428,0.484559774,0.475661963,0.467433055,0.484559774,0.480110869
26_38_r1_d0,Kinshasa,78.15504456,62.8240509,76.23098755,72.403361,78.15504456,77.19301605,13.91703224,15.7795248,14.13354111,14.61003272,15.7795248,14.95653296,0.071278632,0.10173931,0.082243003,0.085086981,0.10173931,0.091991156,0.375757515,0.439679533,0.363071024,0.392836024,0.439679533,0.407718524
34_98_r1_d1,Singapore,126.734581,143.3321686,127.5481415,132.538297,143.3321686,135.440155,9.718269348,8.649299622,9.662690163,9.343419711,9.718269348,9.690479755,0.107170053,0.093526579,0.17014198,0.123612871,0.17014198,0.138656016,0.610207736,0.609669924,0.573257029,0.597711563,0.610207736,0.60993883
65_70_r0_d0,SaoPaulo,138.5172424,140.885849,149.9351654,143.1127523,149.9351654,145.4105072,8.946094513,8.798825264,8.258102417,8.667674065,8.946094513,8.872459888,0.0369878,0.032925669,0.02951639,0.033143286,0.0369878,0.034956735,0.543386996,0.558034837,0.550837815,0.550753216,0.558034837,0.554436326
55_24_r0_d0,Orlando,96.25154877,90.72406006,94.85107422,93.94222768,96.25154877,95.55131149,11.65352154,12.34485817,12.13253403,12.04363791,12.34485817,12.2386961,0.211742923,0.237643942,0.2180399,0.222475588,0.237643942,0.227841921,0.338751972,0.318760157,0.35682863,0.338113586,0.35682863,0.347790301
30_34_r0_d2,Munich,124.5608368,124.3178482,131.4671936,126.7819595,131.4671936,128.0140152,9.868541718,9.885502815,9.399824142,9.717956225,9.885502815,9.877022266,0.046541303,0.034064345,0.039255854,0.039953834,0.046541303,0.042898579,0.402708769,0.404388249,0.410146058,0.405747692,0.410146058,0.407267153
52_5_r0_d0,Mexico,123.9973679,122.6811829,121.39431,122.6909536,123.9973679,123.3392754,9.907923698,10.00061226,10.09220505,10.000247,10.09220505,10.04640865,0.034838632,0.042269152,0.03397581,0.037027864,0.042269152,0.038553892,0.439165473,0.401328474,0.417863369,0.419452439,0.439165473,0.428514421
6_22_r0_d1,Kigali,75.55557251,78.89863586,71.81383514,75.42268117,78.89863586,77.22710419,14.21084213,13.83478355,14.65200996,14.23254522,14.65200996,14.43142605,0.154008225,0.145911351,0.162466303,0.154128626,0.162466303,0.158237264,0.46687457,0.494204432,0.477223575,0.479434192,0.494204432,0.485714003
57_23_r0_d1,SaoPaulo,143.4248352,148.8692017,151.6069641,147.9670003,151.6069641,150.2380829,8.643685341,8.320075035,8.161789894,8.375183423,8.643685341,8.481880188,0.036811344,0.033775918,0.036278617,0.03562196,0.036811344,0.03654498,0.470849633,0.487672895,0.459055424,0.472525984,0.487672895,0.479261264
16_23_r0_d1,Singapore,133.1795654,131.729126,134.8891602,133.2659505,134.8891602,134.0343628,9.287420273,9.382535934,9.176630974,9.282195727,9.382535934,9.334978104,0.054493442,0.062562957,0.073773913,0.063610104,0.073773913,0.068168435,0.469645828,0.501788616,0.472055376,0.481163273,0.501788616,0.486921996
49_74_r0_d1,Chicago,160.9831696,163.4913635,177.6369019,167.3704783,177.6369019,170.5641327,7.640562057,7.506275654,6.785508633,7.310782115,7.640562057,7.573418856,0.058067687,0.067716219,0.072743624,0.066175843,0.072743624,0.070229921,0.570458233,0.581342876,0.599119306,0.583640138,0.599119306,0.590231091
103_23_r1_d0,Orlando,51.19456482,57.26818085,110.6167145,73.02648671,110.6167145,83.94244766,17.45436668,16.44590187,10.11607265,14.67211374,17.45436668,16.95013428,0.683930457,0.752933741,0.322693557,0.586519251,0.752933741,0.718432099,0.325030625,0.246644318,0.714849234,0.428841392,0.714849234,0.519939929
18_63_r0_d0,Kinshasa,63.80332947,59.11862946,58.76372147,60.56189346,63.80332947,61.46097946,15.67930508,15.81510735,15.30683422,15.60041555,15.81510735,15.74720621,0.133415967,0.144629672,0.143116325,0.140387322,0.144629672,0.143872999,0.447778732,0.447994649,0.46978417,0.45518585,0.46978417,0.45888941
8_53_r0_d0,SaoPaulo,134.930603,138.0937805,137.4355927,136.8199921,138.0937805,137.7646866,9.173963547,8.972690582,9.014187813,9.053613981,9.173963547,9.09407568,0.04425361,0.033512782,0.03944765,0.039071348,0.04425361,0.04185063,0.417727917,0.454203695,0.414562702,0.428831438,0.454203695,0.435965806
25_39_r0_d1,Kinshasa,84.15639496,66.01908875,82.57956696,77.58501689,84.15639496,83.36798096,13.27442932,15.34865379,13.4387207,14.02060127,15.34865379,14.39368725,0.080592178,0.138997868,0.065548278,0.095046108,0.138997868,0.109795023,0.422050178,0.443366408,0.42110008,0.428838889,0.443366408,0.432708293
24_20_r0_d0,Kigali,84.15783691,83.75765228,87.57607269,85.16385396,87.57607269,85.8669548,13.27428055,13.31568241,12.92846298,13.17280865,13.31568241,13.29498148,0.150321409,0.130025119,0.137991667,0.139446065,0.150321409,0.144156538,0.421609759,0.414730817,0.417481691,0.417940756,0.421609759,0.419545725
31_71_r0_d2,Stockholm,90.72158813,96.24201202,91.79559326,92.91973114,96.24201202,94.01880264,12.58783054,12.07474995,12.45134258,12.37130769,12.58783054,12.51958656,0.105020046,0.107109666,0.112891972,0.108340561,0.112891972,0.110000819,0.390773743,0.437759638,0.444427729,0.42432037,0.444427729,0.441093683
91_52_r0_d0,Orlando,83.85284424,86.01531219,118.8791428,96.24909973,118.8791428,102.4472275,13.30581665,12.98186398,10.03228855,12.10665639,13.30581665,13.14384031,0.150963128,0.147762194,0.147919625,0.148881649,0.150963128,0.149441376,0.35346204,0.363795638,0.488091648,0.401783109,0.488091648,0.425943643
50_12_r1_d0,Stockholm,120.2686691,116.6496048,112.8964005,116.6048915,120.2686691,118.459137,10.13899326,10.43850708,10.68844128,10.42198054,10.68844128,10.56347418,0.048982754,0.033572186,0.064167418,0.048907453,0.064167418,0.056575086,0.430120617,0.413554192,0.417353988,0.420342932,0.430120617,0.423737302
61_13_r1_d0,Orlando,73.3651886,78.0512085,106.8143692,86.0769221,106.8143692,92.43278885,14.32904243,13.65171432,10.99676228,12.99250635,14.32904243,13.99037838,0.215618655,0.205190241,0.213941216,0.211583371,0.215618655,0.214779936,0.382506967,0.378494263,0.467447013,0.409482747,0.467447013,0.42497699
52_14_r0_d2,Stockholm,84.6733017,79.53346252,88.01166534,84.07280986,88.01166534,86.34248352,13.1528492,13.69678211,12.85123825,13.23362319,13.69678211,13.42481565,0.124626666,0.141195953,0.121543288,0.129121969,0.141195953,0.13291131,0.469264418,0.481546462,0.430508614,0.460439831,0.481546462,0.47540544
45_29_r0_d1,Munich,106.1420288,99.44171143,102.2397614,102.6078339,106.1420288,104.1908951,11.25842381,11.82480049,11.54964638,11.54429022,11.82480049,11.68722343,0.053950172,0.06330023,0.053217117,0.056822506,0.06330023,0.058625201,0.40267849,0.356803626,0.405211776,0.388231297,0.405211776,0.403945133
34_90_r0_d0,Kinshasa,56.8127594,54.42537689,55.04209518,55.42674383,56.8127594,55.92742729,16.51525307,17.02601433,16.92814445,16.82313728,17.02601433,16.97707939,0.270720869,0.319372594,0.299324185,0.296472549,0.319372594,0.30934839,0.442070246,0.36644119,0.406174421,0.404895286,0.442070246,0.424122334
5_33_r0_d1,Orlando,119.0561523,104.5083771,116.4216919,113.3287404,119.0561523,117.7389221,10.08913231,11.11628628,10.38710117,10.53083992,11.11628628,10.75169373,0.168146089,0.187596142,0.177544817,0.177762349,0.187596142,0.18257048,0.46971342,0.456070751,0.478401423,0.468061864,0.478401423,0.474057421
37_48_r0_d1,Stockholm,126.5160065,125.3480606,126.7684631,126.2108434,126.7684631,126.6422348,9.733262062,9.813819885,9.715948105,9.754343351,9.813819885,9.773540974,0.117122859,0.111742318,0.10567341,0.111512862,0.117122859,0.114432588,0.476514161,0.490524948,0.5140692,0.493702769,0.5140692,0.502297074
62_45_r0_d0,Orlando,84.1255188,82.91570282,124.9452362,97.32881927,124.9452362,104.5353775,12.93013477,13.23143291,9.56491375,11.90882715,13.23143291,13.08078384,0.279660583,0.271054804,0.304563403,0.28509293,0.304563403,0.292111993,0.376079351,0.361029238,0.441203117,0.392770569,0.441203117,0.408641234
62_61_r0_d1,Chicago,122.4898605,123.0171127,133.3066254,126.2711995,133.3066254,128.161869,10.01416969,9.976861954,9.279137611,9.756723086,10.01416969,9.995515823,0.096527994,0.055133339,0.069970019,0.073877117,0.096527994,0.083249006,0.371841967,0.369707078,0.445465714,0.395671586,0.445465714,0.40865384
32_45_r0_d1,Stockholm,130.1152496,120.0129929,122.0358963,124.0547129,130.1152496,126.075573,9.489608765,10.19160652,10.0464201,9.909211795,10.19160652,10.11901331,0.06090264,0.056483917,0.054040648,0.057142402,0.06090264,0.058693279,0.409730554,0.367851228,0.421909004,0.399830262,0.421909004,0.415819779
29_58_r2_d0,HongKong,119.765564,123.1620178,120.6223602,121.183314,123.1620178,121.892189,10.20953274,9.966636658,10.14761639,10.10792859,10.20953274,10.17857456,0.072142385,0.07311172,0.067314297,0.070856134,0.07311172,0.072627053,0.58212328,0.57723701,0.569743872,0.576368054,0.58212328,0.579680145
55_31_r0_d1,Kinshasa,90.93086243,83.1355896,91.94477081,88.67040761,91.94477081,91.43781662,12.60194588,13.38043213,12.50563145,12.82933648,13.38043213,12.991189,0.077595621,0.085170731,0.07680326,0.079856537,0.085170731,0.081383176,0.46642673,0.477962345,0.479313344,0.474567473,0.479313344,0.478637844
21_75_r0_d0,Singapore,147.7834015,145.5954895,147.9911041,147.1233317,147.9911041,147.8872528,8.383659363,8.513214111,8.371459961,8.422777812,8.513214111,8.448436737,0.021977555,0.04207886,0.048440881,0.037499099,0.048440881,0.045259871,0.476662695,0.494383335,0.500840247,0.490628759,0.500840247,0.497611791
17_26_r0_d0,Kinshasa,68.24996185,65.03778839,62.71213913,65.33329646,68.24996185,66.64387512,15.09412384,15.51285744,15.82914066,15.47870731,15.82914066,15.67099905,0.124189571,0.174034879,0.124721564,0.140982005,0.174034879,0.149378221,0.48992008,0.437223464,0.506307781,0.477817108,0.506307781,0.49811393
28_59_r1_d2,Stockholm,76.97980499,75.98193359,83.05438995,78.67204285,83.05438995,80.01709747,13.94584274,14.09357262,13.00591373,13.68177636,14.09357262,14.01970768,0.189600244,0.190476522,0.155429214,0.178501993,0.190476522,0.190038383,0.36209023,0.362986505,0.416102558,0.380393098,0.416102558,0.389544532
10_64_r1_d1,Singapore,137.8940277,157.1127625,144.8420563,146.6162821,157.1127625,150.9774094,8.985263824,7.851943016,8.558279037,8.465161959,8.985263824,8.771771431,0.06868998,0.042553246,0.047356959,0.052866728,0.06868998,0.05802347,0.428082943,0.446922332,0.420305967,0.431770414,0.446922332,0.437502638
19_61_r0_d2,Munich,99.18524933,105.7928391,103.0417709,102.6732864,105.7928391,104.417305,11.81310177,11.28704643,11.51590538,11.53868453,11.81310177,11.66450357,0.108739816,0.05527325,0.07017301,0.078062025,0.108739816,0.089456413,0.474356651,0.48518759,0.488762617,0.482768953,0.488762617,0.486975104
101_53_r0_d1,Orlando,90.46362305,89.11186981,110.1032791,96.55959066,110.1032791,100.2834511,12.54389954,12.70906734,10.76816463,12.00704384,12.70906734,12.62648344,0.093048796,0.089823149,0.079151705,0.087341217,0.093048796,0.091435973,0.39082548,0.406156182,0.462044716,0.419675459,0.462044716,0.434100449
40_72_r0_d0,SaoPaulo,139.8722839,141.3580627,145.2521057,142.1608175,145.2521057,143.3050842,8.861538887,8.769761086,8.533722878,8.721674283,8.861538887,8.815649986,0.022624454,0.022334414,0.023076277,0.022678381,0.023076277,0.022850365,0.442803532,0.446434319,0.469483256,0.452907036,0.469483256,0.457958788
66_17_r0_d1,Chicago,110.4680099,103.5198669,117.8498306,110.6125692,117.8498306,114.1589203,10.73943901,11.33836937,10.24679947,10.77486928,11.33836937,11.03890419,0.139670432,0.157899484,0.094776124,0.130782013,0.157899484,0.148784958,0.47720933,0.435662389,0.454231977,0.455701232,0.47720933,0.465720654
34_23_r0_d1,Kigali,78.62567902,87.85786438,82.68830109,83.05728149,87.85786438,85.27308273,13.86488438,12.90055847,13.42728996,13.3975776,13.86488438,13.64608717,0.14816308,0.11415951,0.131409243,0.131243944,0.14816308,0.139786161,0.373220861,0.40256387,0.377257437,0.384347389,0.40256387,0.389910653
17_57_r1_d0,Singapore,139.6266937,142.3643341,146.3731689,142.7880656,146.3731689,144.3687515,8.876803398,8.708148956,8.466942787,8.683965047,8.876803398,8.792476177,0.030755445,0.037762057,0.043233484,0.037250329,0.043233484,0.040497771,0.48968935,0.527201951,0.501220345,0.506037215,0.527201951,0.514211148
44_13_r0_d1,Munich,108.9654312,105.6388931,107.0098724,107.2047323,108.9654312,107.9876518,11.03039742,11.29969597,11.1876955,11.1725963,11.29969597,11.24369574,0.060988646,0.063216537,0.073285475,0.06583022,0.073285475,0.068251006,0.489498496,0.475864857,0.484778762,0.483380705,0.489498496,0.487138629
27_43_r0_d2,Munich,125.7503128,121.6005859,134.1600189,127.1703059,134.1600189,129.9551659,9.785990715,10.07745838,9.223711014,9.695720037,10.07745838,9.931724548,0.031416778,0.051629372,0.0509005,0.044648883,0.051629372,0.051264936,0.437246859,0.404022872,0.458349377,0.433206369,0.458349377,0.447798118
41_38_r0_d1,Kinshasa,136.781311,136.368454,137.4736786,136.8744812,137.4736786,137.1274948,9.055638313,9.081893921,9.011780739,9.049770991,9.081893921,9.068766117,0.114825383,0.114592299,0.10836304,0.112593574,0.114825383,0.114708841,0.683064342,0.655280471,0.666899204,0.668414672,0.683064342,0.674981773
15_41_r0_d0,Munich,85.34300995,86.80440521,63.58405304,78.57715607,86.80440521,86.07370758,12.51697636,12.58665848,15.50239086,13.5353419,15.50239086,14.04452467,0.353524297,0.356823862,0.406998962,0.37244904,0.406998962,0.381911412,0.487586766,0.50402838,0.492596179,0.494737109,0.50402838,0.49831228
39_10_r0_d0,Kigali,86.66742706,87.58462524,87.34833527,87.20012919,87.58462524,87.46648026,13.01905537,12.92761421,12.95107937,12.96591632,13.01905537,12.98506737,0.110177644,0.099066436,0.110983819,0.106742633,0.110983819,0.110580731,0.480971038,0.476749659,0.483525753,0.480415483,0.483525753,0.482248396
36_11_r1_d0,Kigali,85.79751587,88.38132477,85.64563751,86.60815938,88.38132477,87.08942032,13.10667801,12.84896278,13.12206745,13.02590275,13.12206745,13.11437273,0.109436855,0.097243823,0.113338172,0.10667295,0.113338172,0.111387514,0.434377968,0.452041954,0.447535843,0.444651922,0.452041954,0.449788898
38_36_r1_d0,Kinshasa,72.93058014,76.66916656,77.82317352,75.80764008,77.82317352,77.24617004,14.51797867,14.0837574,13.95399189,14.18524265,14.51797867,14.30086803,0.076175667,0.061786458,0.057156973,0.065039699,0.076175667,0.068981063,0.396462262,0.398121178,0.3860116,0.39353168,0.398121178,0.39729172
74_66_r0_d0,Orlando,82.51896667,95.42603302,110.9119568,96.28565216,110.9119568,103.1689949,13.16823196,11.97601891,10.73927593,11.9611756,13.16823196,12.57212543,0.158927098,0.120412007,0.17718038,0.152173162,0.17718038,0.168053739,0.427024126,0.430597007,0.465206146,0.440942427,0.465206146,0.447901577
43_14_r0_d0,Orlando,55.48851776,64.77518463,104.7750092,75.01290385,104.7750092,84.77509689,9.822875023,13.52422237,9.173519135,10.84020551,13.52422237,11.6735487,0.296716094,0.360573113,0.237986252,0.298425153,0.360573113,0.328644603,0.416480958,0.498862118,0.59476912,0.503370732,0.59476912,0.546815619
17_43_r1_d2,Stockholm,101.2331085,107.8638306,104.932373,104.6764374,107.8638306,106.3981018,11.63559246,11.1186552,11.35798168,11.37074312,11.63559246,11.49678707,0.096905947,0.081588425,0.079101317,0.085865229,0.096905947,0.089247186,0.392078847,0.450172186,0.462592334,0.434947789,0.462592334,0.45638226
31_51_r0_d1,Chicago,146.1320496,144.5560303,152.9147186,147.8675995,152.9147186,149.5233841,8.447134018,8.507055283,8.08718586,8.347125053,8.507055283,8.47709465,0.044792917,0.03405619,0.075389862,0.05141299,0.075389862,0.060091389,0.545422971,0.521865129,0.550960422,0.539416174,0.550960422,0.548191696
63_65_r1_d0,Orlando,93.69824219,87.78692627,101.1231461,94.2027715,101.1231461,97.41069412,12.09977436,12.77024651,11.54183197,12.13728428,12.77024651,12.43501043,0.22280404,0.21677801,0.198205948,0.212595999,0.22280404,0.219791025,0.398394823,0.395933092,0.431655705,0.408661207,0.431655705,0.415025264
22_42_r1_d0,Kigali,98.23010254,108.1271667,98.1395874,101.4989522,108.1271667,103.1786346,11.93128014,11.09747601,11.93928814,11.65601476,11.93928814,11.93528414,0.103722796,0.103461012,0.108029917,0.105071242,0.108029917,0.105876356,0.447353005,0.511119545,0.479115278,0.479195942,0.511119545,0.495117411
14_27_r0_d1,Kinshasa,62.21592712,61.49258041,65.02754974,62.91201909,65.02754974,63.62173843,15.69132328,15.75794792,15.5142231,15.6544981,15.75794792,15.7246356,0.281611949,0.307441622,0.300215364,0.296422978,0.307441622,0.303828493,0.508083224,0.447744101,0.492602229,0.482809852,0.508083224,0.500342727
64_17_r0_d0,Orlando,81.63717651,79.87986755,114.4121475,91.9763972,114.4121475,98.02466202,13.47001934,13.5206089,10.53833675,12.509655,13.5206089,13.49531412,0.198454276,0.201680899,0.156932101,0.185689092,0.201680899,0.200067587,0.4634552,0.521342158,0.56339097,0.516062776,0.56339097,0.542366564
8_25_r0_d0,Mexico,112.4791489,115.5037079,116.6580505,114.8803024,116.6580505,116.0808792,10.75473213,10.52425385,10.43787861,10.5722882,10.75473213,10.63949299,0.056319866,0.040438861,0.056402169,0.051053632,0.056402169,0.056361018,0.436645657,0.44686228,0.455491573,0.44633317,0.455491573,0.451176926
27_66_r0_d1,SaoPaulo,140.5700531,143.1946259,143.6078949,142.4575246,143.6078949,143.4012604,8.81831646,8.65763855,8.632605553,8.702853521,8.81831646,8.737977505,0.023146624,0.023624526,0.024202455,0.023657868,0.024202455,0.023913491,0.48465839,0.516565561,0.505306005,0.502176652,0.516565561,0.510935783
81_27_r0_d1,Mexico,107.4301453,109.7478714,107.1195221,108.0991796,109.7478714,108.5890083,11.15364933,10.96824932,11.17879868,11.10023244,11.17879868,11.166224,0.051632278,0.051498227,0.043300584,0.048810363,0.051632278,0.051565252,0.468530655,0.503699601,0.490479827,0.487570028,0.503699601,0.497089714
86_53_r0_d1,Mexico,109.2754135,107.5100632,115.4819794,110.7558187,115.4819794,112.3786964,11.005723,11.14719009,10.52588749,10.89293353,11.14719009,11.07645655,0.049048308,0.041060731,0.039287705,0.043132248,0.049048308,0.04505452,0.408690095,0.410924286,0.451879025,0.423831135,0.451879025,0.431401655
47_19_r0_d0,Mexico,108.5829544,111.3524628,117.4406586,112.4586919,117.4406586,114.3965607,11.06093884,10.84217548,10.37980366,10.76097266,11.06093884,10.95155716,0.084336258,0.074416377,0.076045573,0.078266069,0.084336258,0.080190916,0.402844667,0.392817259,0.43284744,0.409503122,0.43284744,0.417846054
64_48_r0_d0,Mexico,115.3027573,115.0145493,108.7898941,113.0357335,115.3027573,115.1586533,10.53937817,10.56111622,11.04440117,10.71496518,11.04440117,10.80275869,0.041901223,0.041574422,0.047544345,0.04367333,0.047544345,0.044722784,0.406047195,0.396981508,0.401667923,0.401565542,0.406047195,0.403857559
40_31_r1_d2,Stockholm,124.2488403,128.5843506,123.7975388,125.5435766,128.5843506,126.4165955,9.890324593,9.592411041,9.92193222,9.801555951,9.92193222,9.906128407,0.062713079,0.053223871,0.058873605,0.058270185,0.062713079,0.060793342,0.442683876,0.417179704,0.435582817,0.431815465,0.442683876,0.439133346
10_23_r1_d0,Munich,104.6138229,98.9440918,95.94451141,99.83414205,104.6138229,101.7789574,11.38439083,11.86837387,12.03297615,11.76191362,12.03297615,11.95067501,0.1135967,0.132597089,0.153202623,0.133132137,0.153202623,0.142899856,0.524375558,0.505754769,0.498535663,0.50955533,0.524375558,0.515065163
22_41_r0_d1,Kinshasa,79.77793121,76.84353638,78.22528076,78.28224945,79.77793121,79.00160599,13.70438862,14.06402493,13.90923023,13.89254793,14.06402493,13.98662758,0.102911383,0.090365946,0.092694782,0.095324037,0.102911383,0.097803082,0.33749491,0.306826472,0.338909864,0.327743749,0.338909864,0.338202387
22_50_r1_d1,Stockholm,72.95981598,71.67835236,91.15973663,78.59930166,91.15973663,82.05977631,14.16701603,14.56561852,11.94427395,13.5589695,14.56561852,14.36631727,0.241939366,0.231167227,0.195695773,0.222934122,0.241939366,0.236553296,0.510951638,0.508888602,0.542419732,0.520753324,0.542419732,0.526685685
43_24_r0_d0,Stockholm,101.4113693,102.3126373,99.56890106,101.0976359,102.3126373,101.8620033,11.62031078,11.57758713,11.81369781,11.67053191,11.81369781,11.7170043,0.088305295,0.085672677,0.097502381,0.090493451,0.097502381,0.092903838,0.43049714,0.44701758,0.466116846,0.447877189,0.466116846,0.456567213
19_45_r2_d2,Kigali,86.84069824,85.01357269,86.00395966,85.95274353,86.84069824,86.42232895,13.00170612,13.18640709,13.08580399,13.09130573,13.18640709,13.13610554,0.117723972,0.102273814,0.089533128,0.103176971,0.117723972,0.109998893,0.434439719,0.429329485,0.425902188,0.429890464,0.434439719,0.431884602
23_17_r0_d0,Kigali,93.77998352,94.73642731,88.03025818,92.182223,94.73642731,94.25820541,12.33397007,12.24583244,12.88353252,12.48777835,12.88353252,12.6087513,0.088428766,0.092455335,0.123388097,0.101424066,0.123388097,0.107921716,0.439620078,0.438105285,0.423667282,0.433797548,0.439620078,0.438862681
17_42_r0_d1,Kigali,92.33398438,87.86160278,91.77567291,90.65708669,92.33398438,92.05482864,12.46894073,12.90019035,12.5216198,12.6302503,12.90019035,12.71090508,0.070947133,0.080205306,0.085494667,0.078882369,0.085494667,0.082849987,0.403298914,0.398676425,0.431495398,0.411156913,0.431495398,0.417397156
53_71_r0_d0,SaoPaulo,128.0296631,135.3513947,133.6214905,132.3341827,135.3513947,134.4864426,9.629961014,9.146918297,9.258646011,9.345175107,9.629961014,9.444303513,0.02614682,0.022546424,0.02284793,0.023847058,0.02614682,0.024497375,0.414295614,0.517112255,0.449995011,0.460467627,0.517112255,0.483553633
94_46_r0_d1,Orlando,60.7354393,60.78639984,112.669548,78.06379573,112.669548,86.72797394,15.96999931,15.57346439,10.24957848,13.93101406,15.96999931,15.77173185,0.74072367,0.691258073,0.360268325,0.597416689,0.74072367,0.715990871,0.147525549,0.213876337,0.489620388,0.283674091,0.489620388,0.351748362
29_75_r1_d1,Singapore,147.5366821,151.9649963,149.7483826,149.7500203,151.9649963,150.8566895,8.398171425,8.141301155,8.268929482,8.269467354,8.398171425,8.333550453,0.029124338,0.025793158,0.037069403,0.030662299,0.037069403,0.03309687,0.48956275,0.462847739,0.454792112,0.469067534,0.48956275,0.476205245
11_73_r0_d0,Mexico,106.7954254,110.8259583,109.791481,109.1376216,110.8259583,110.3087196,11.20511913,10.88334274,10.96479988,11.01775392,11.20511913,11.08495951,0.048898581,0.044774339,0.039319936,0.044330952,0.048898581,0.04683646,0.421884298,0.421092808,0.407820016,0.416932374,0.421884298,0.421488553
48_21_r1_d0,Orlando,105.7956009,98.58918762,108.6028748,104.3292211,108.6028748,107.1992378,11.04505062,11.62272167,10.88734245,11.18503825,11.62272167,11.33388615,0.274625301,0.20303975,0.224341899,0.234002317,0.274625301,0.2494836,0.505519509,0.496409446,0.438967258,0.480298738,0.505519509,0.500964478
40_12_r0_d2,Stockholm,87.07375336,79.33654022,95.62815857,87.34615072,95.62815857,91.35095596,12.66632557,13.71831417,11.88759136,12.75741037,13.71831417,13.19231987,0.197920769,0.163700238,0.203299627,0.188306878,0.203299627,0.200610198,0.453864247,0.449264467,0.466342688,0.456490467,0.466342688,0.460103467
52_17_r1_d1,Munich,108.3013763,106.4614716,107.6946487,107.4858322,108.3013763,107.9980125,11.01510048,11.16392994,11.06389618,11.08097553,11.16392994,11.11391306,0.161036193,0.118817441,0.076520421,0.118791352,0.161036193,0.139926817,0.464038938,0.53254652,0.522514999,0.506366819,0.53254652,0.52753076
19_43_r0_d0,Singapore,149.3476715,156.9515686,154.7679901,153.6890767,156.9515686,155.8597794,8.29220295,7.860858917,7.982549191,8.045203686,8.29220295,8.13737607,0.029373594,0.032887485,0.059036359,0.040432479,0.059036359,0.045961922,0.538630843,0.546395838,0.545948207,0.543658296,0.546395838,0.546172023
20_26_r1_d0,Singapore,140.2001038,155.3850555,157.6909637,151.092041,157.6909637,156.5380096,8.841204643,7.947987556,7.820036411,8.203076204,8.841204643,8.3945961,0.059118796,0.055466905,0.057696395,0.057427365,0.059118796,0.058407595,0.479500592,0.459674031,0.511586726,0.483587116,0.511586726,0.495543659
60_39_r1_d1,Kinshasa,74.3321991,73.46110535,99.77715302,82.52348582,99.77715302,87.05467606,13.41853809,11.85345554,11.19628525,12.15609296,13.41853809,12.63599682,0.203383029,0.137462258,0.125357419,0.155400902,0.203383029,0.170422643,0.692540288,0.680848658,0.715092599,0.696160515,0.715092599,0.703816444
34_48_r0_d0,SaoPaulo,160.1605988,166.0193176,164.5274506,163.5691223,166.0193176,165.2733841,7.685059071,7.373000145,7.451405048,7.503154755,7.685059071,7.568232059,0.029029658,0.03481219,0.031546541,0.031796129,0.03481219,0.033179365,0.591953099,0.599657357,0.606635451,0.599415302,0.606635451,0.603146404
13_40_r0_d0,Munich,136.2866211,120.6897278,113.8373413,123.6045634,136.2866211,128.4881744,9.087107658,9.935949326,10.47847366,9.833843549,10.47847366,10.20721149,0.134090662,0.189948291,0.190756947,0.171598633,0.190756947,0.190352619,0.617932796,0.54794997,0.549652517,0.571845094,0.617932796,0.583792657
82_65_r1_d0,Orlando,59.99254227,65.08929443,89.7700119,71.61728287,89.7700119,77.42965317,16.14583397,15.36865234,12.54154396,14.68534342,16.14583397,15.75724316,0.27416119,0.253182799,0.201326266,0.242890085,0.27416119,0.263671994,0.488752365,0.470044255,0.558105052,0.505633891,0.558105052,0.523428708
60_37_r1_d1,Kinshasa,94.35536957,106.4370804,106.9678116,102.5867538,106.9678116,106.702446,12.28083992,11.23431396,11.19110966,11.56875451,12.28083992,11.75757694,0.197023347,0.18555066,0.182457343,0.188343783,0.197023347,0.191287003,0.450017542,0.435723305,0.407722145,0.431154331,0.450017542,0.442870423
57_74_r0_d0,Chicago,141.6140747,141.7641602,154.3530121,145.9104156,154.3530121,148.0585861,8.754043579,8.744842529,7.971742153,8.490209421,8.754043579,8.749443054,0.080279239,0.078206539,0.07372161,0.077402463,0.080279239,0.079242889,0.373636395,0.375271618,0.494053036,0.41432035,0.494053036,0.434662327
17_8_r1_d0,Singapore,128.8952332,119.2942657,133.6686707,127.2860565,133.6686707,131.2819519,9.571434975,10.24378109,9.255578995,9.69026502,10.24378109,9.907608032,0.059746698,0.116096318,0.081189506,0.085677507,0.116096318,0.098642912,0.425689459,0.452518106,0.467679203,0.448628922,0.467679203,0.460098654
53_39_r0_d0,Mexico,136.5265198,134.760849,143.3512573,138.2128754,143.3512573,139.9388885,9.071831703,9.184897423,8.648141861,8.968290329,9.184897423,9.128364563,0.050041087,0.055345345,0.053713415,0.053033282,0.055345345,0.05452938,0.48334083,0.475950718,0.519822478,0.493038009,0.519822478,0.501581654
58_44_r0_d0,Mexico,113.6020813,110.339119,113.0506516,112.3306173,113.6020813,113.3263664,10.66844559,10.92158127,10.71071148,10.76691278,10.92158127,10.81614637,0.038513545,0.056933325,0.040413011,0.045286627,0.056933325,0.048673168,0.37959826,0.370183587,0.3845976,0.378126482,0.3845976,0.38209793
13_21_r0_d1,Mexico,107.1163254,114.5928421,115.3551331,112.3547668,115.3551331,114.9739876,11.17905903,10.59302235,10.53543377,10.76917171,11.17905903,10.88604069,0.083381757,0.074406885,0.048797581,0.068862074,0.083381757,0.078894321,0.39717254,0.386423469,0.383217961,0.38893799,0.39717254,0.391798005
33_50_r1_d1,Kinshasa,77.15862274,78.91305542,84.3015213,80.12439982,84.3015213,81.60728836,14.02848244,13.83319569,13.25946331,13.70704714,14.02848244,13.93083906,0.18751806,0.202577621,0.192133859,0.194076513,0.202577621,0.19735574,0.353393793,0.373083949,0.424595207,0.383690983,0.424595207,0.398839578
33_49_r0_d1,Munich,88.54455566,88.68436432,89.26400757,88.83097585,89.26400757,88.97418594,12.83293533,12.81923103,12.69425297,12.78213978,12.83293533,12.82608318,0.241328806,0.216624126,0.283766359,0.247239764,0.283766359,0.262547582,0.546014428,0.504837394,0.484361321,0.511737714,0.546014428,0.525425911
28_55_r0_d1,HongKong,75.24175262,57.12117767,85.61994934,72.66095988,85.61994934,80.43085098,14.24699402,16.64022827,13.12467194,14.67063141,16.64022827,15.44361115,0.184651256,0.199851081,0.229923144,0.204808493,0.229923144,0.214887112,0.601815701,0.531067193,0.613712013,0.582198302,0.613712013,0.607763857
29_68_r0_d0,Chicago,143.3617859,141.4098816,151.8829041,145.5515238,151.8829041,147.622345,8.647503853,8.732447624,8.111865044,8.497272174,8.732447624,8.689975739,0.032147642,0.025589028,0.035109114,0.030948595,0.035109114,0.033628378,0.501238346,0.487195969,0.538339972,0.508924762,0.538339972,0.519789159
41_13_r0_d0,Chicago,84.14618683,84.03645325,112.4148788,93.53250631,112.4148788,98.28053284,13.10348034,12.7963562,10.34101963,12.08028539,13.10348034,12.94991827,0.253365427,0.303634703,0.291437566,0.282812566,0.303634703,0.297536135,0.273119867,0.294781983,0.330084622,0.299328824,0.330084622,0.312433302
41_54_r1_d2,Stockholm,96.61135864,96.26224518,106.5026016,99.79206848,106.5026016,101.5569801,12.04148006,12.10705185,11.22896767,11.79249986,12.10705185,12.07426596,0.088269264,0.101047948,0.071262024,0.086859745,0.101047948,0.094658606,0.374002427,0.372039795,0.384751529,0.37693125,0.384751529,0.379376978
15_47_r0_d1,Chicago,128.238205,125.8306427,128.4946899,127.5211792,128.4946899,128.3664474,9.615822792,9.361765862,9.495676041,9.491088231,9.615822792,9.555749416,0.076252759,0.068800509,0.016735356,0.053929541,0.076252759,0.072526634,0.482465178,0.538811922,0.525528491,0.515601863,0.538811922,0.532170206
40_86_r0_d1,Singapore,102.2684555,120.1300583,152.298645,124.8990529,152.298645,136.2143517,11.58133793,10.18313885,8.122251511,9.962242762,11.58133793,10.88223839,0.208886564,0.218955681,0.201633319,0.209825188,0.218955681,0.213921122,0.588719487,0.538948596,0.609054685,0.578907589,0.609054685,0.598887086
16_45_r2_d2,HongKong,143.6476746,139.7757874,145.7439575,143.0558065,145.7439575,144.695816,8.63020134,8.86753273,8.504361153,8.667365074,8.86753273,8.748867035,0.033606015,0.037111271,0.041261069,0.037326119,0.041261069,0.03918617,0.504262209,0.513467073,0.526295125,0.514674803,0.526295125,0.519881099
27_23_r1_d1,Kigali,96.13392639,89.72412109,91.15322113,92.33708954,96.13392639,93.64357376,12.11863899,12.71798801,12.58073139,12.4724528,12.71798801,12.6493597,0.078637026,0.081690028,0.072455116,0.077594057,0.081690028,0.080163527,0.384525895,0.363428175,0.374117494,0.374023855,0.384525895,0.379321694
25_12_r1_d0,Kigali,83.68628693,85.00932312,86.10297394,84.93286133,86.10297394,85.55614853,13.32308674,13.18684101,13.07580948,13.19524574,13.32308674,13.25496387,0.087346151,0.061628178,0.065955959,0.071643429,0.087346151,0.076651055,0.394434273,0.402147293,0.427973986,0.408185184,0.427973986,0.415060639
40_76_r0_d1,Mexico,95.03720093,92.51097107,75.73517609,87.76111603,95.03720093,93.774086,11.01455593,12.21053791,12.62700844,11.95070076,12.62700844,12.41877317,0.194528967,0.218822628,0.196015701,0.203122432,0.218822628,0.207419164,0.478928715,0.505723238,0.504852593,0.496501515,0.505723238,0.505287915
12_58_r1_d0,Kinshasa,87.12012482,70.13559723,84.62554932,80.62709045,87.12012482,85.87283707,12.90540981,13.7315588,13.22614193,13.28770351,13.7315588,13.47885036,0.120126918,0.18068248,0.109233573,0.13668099,0.18068248,0.150404699,0.445289731,0.472731948,0.465858221,0.4612933,0.472731948,0.469295084
58_28_r0_d2,Stockholm,69.12313843,69.0626297,91.51834106,76.5680364,91.51834106,80.32073975,13.42049122,14.6792078,10.52223206,12.87397703,14.6792078,14.04984951,0.41830194,0.348241538,0.311084986,0.359209488,0.41830194,0.383271739,0.573677063,0.583676815,0.59202522,0.583126366,0.59202522,0.587851018
27_35_r1_d2,Kigali,93.70443726,92.44200897,92.38409424,92.84351349,93.70443726,93.07322311,12.34096909,12.4587841,12.46422768,12.42132696,12.46422768,12.46150589,0.063818358,0.077870585,0.068570234,0.070086392,0.077870585,0.073220409,0.421688646,0.434017509,0.426666409,0.427457521,0.434017509,0.430341959
80_19_r0_d0,Mexico,109.2542267,114.1812744,109.360611,110.9320374,114.1812744,111.7709427,11.00740814,10.62427521,10.99895382,10.87687906,11.00740814,11.00318098,0.041628432,0.043755393,0.036633335,0.040672387,0.043755393,0.042691913,0.436192155,0.48323679,0.441282421,0.453570455,0.48323679,0.462259606
38_13_r0_d0,SaoPaulo,142.4701996,144.0667419,163.469162,150.0020345,163.469162,153.767952,8.701693535,8.604898453,7.507455349,8.271349112,8.701693535,8.653295994,0.040464338,0.042718817,0.036792412,0.039991856,0.042718817,0.041591577,0.445254147,0.460051805,0.497690529,0.467665493,0.497690529,0.478871167
28_72_r0_d0,Kinshasa,94.64456177,76.82347107,94.42817688,88.63206991,94.64456177,94.53636932,12.22012901,13.17004681,12.27414131,12.55477238,13.17004681,12.72209406,0.106290907,0.187936634,0.092572525,0.128933355,0.187936634,0.14711377,0.389335275,0.444576591,0.383756101,0.405889322,0.444576591,0.416955933
55_12_r0_d0,Chicago,116.3160324,124.1994781,127.2178955,122.577802,127.2178955,125.7086868,10.32605171,9.82538414,9.408344269,9.85326004,10.32605171,10.07571793,0.085308388,0.050107308,0.083497494,0.072971063,0.085308388,0.084402941,0.425132871,0.444338679,0.446767181,0.438746244,0.446767181,0.44555293
37_71_r0_d0,Mexico,124.6088333,89.44881439,98.5513382,104.2029953,124.6088333,111.5800858,9.796803474,12.64188766,11.90292168,11.44720427,12.64188766,12.27240467,0.08396852,0.148754269,0.195296481,0.14267309,0.195296481,0.172025375,0.441789746,0.425314486,0.437322974,0.434809069,0.441789746,0.43955636
29_51_r0_d0,SaoPaulo,145.2233124,148.6459503,160.8553467,151.5748698,160.8553467,154.7506485,8.535445213,8.333110809,7.647462845,8.172006289,8.535445213,8.434278011,0.033837639,0.026562823,0.021405643,0.027268702,0.033837639,0.030200231,0.50101757,0.482901096,0.465576738,0.483165135,0.50101757,0.491959333
13_21_r0_d0,Singapore,129.7892151,132.3327026,138.1405334,133.4208171,138.1405334,135.236618,9.511400223,9.342828751,8.969749451,9.274659475,9.511400223,9.427114487,0.098647751,0.111939609,0.100296542,0.103627967,0.111939609,0.106118076,0.546080947,0.559672713,0.556487262,0.554080307,0.559672713,0.558079988
43_21_r0_d2,Stockholm,105.6764297,100.4473114,102.7926025,102.9721146,105.6764297,104.2345161,11.26247978,11.70327759,11.53693581,11.50089773,11.70327759,11.6201067,0.06024475,0.067493178,0.061589558,0.063109162,0.067493178,0.064541368,0.403421462,0.384558231,0.405882835,0.397954176,0.405882835,0.404652148
61_53_r1_d0,Orlando,93.76592255,92.13944244,101.8471451,95.91750336,101.8471451,97.80653381,12.16326904,12.48726082,11.58306503,12.07786496,12.48726082,12.32526493,0.072754771,0.087937698,0.099041119,0.086577863,0.099041119,0.093489408,0.443990469,0.442555636,0.469931751,0.452159286,0.469931751,0.45696111
38_22_r0_d1,SaoPaulo,148.3824921,159.1587067,153.6771088,153.7394358,159.1587067,156.4179077,8.348519325,7.739564419,8.043989182,8.044024309,8.348519325,8.196254253,0.020566277,0.014579277,0.023982294,0.019709283,0.023982294,0.022274286,0.437517554,0.466801941,0.425819576,0.44337969,0.466801941,0.452159747
53_53_r0_d1,Chicago,142.0001068,142.8397827,152.0182648,145.6193848,152.0182648,147.4290237,8.730398178,8.679188728,8.104127884,8.504571597,8.730398178,8.704793453,0.050912064,0.045378063,0.050827403,0.049039176,0.050912064,0.050869733,0.482123911,0.509334445,0.477927417,0.489795258,0.509334445,0.495729178
82_20_r0_d1,Orlando,81.73809814,86.22157288,106.9540939,91.63792165,106.9540939,96.5878334,13.21557903,12.85703659,11.1238308,12.39881547,13.21557903,13.03630781,0.147503555,0.136191756,0.142441154,0.142045488,0.147503555,0.144972354,0.511109412,0.502596676,0.550693154,0.521466414,0.550693154,0.530901283
24_36_r1_d2,HongKong,135.1730804,132.3741455,133.3963318,133.6478526,135.1730804,134.2847061,9.158368111,9.340109825,9.273294449,9.257257462,9.340109825,9.306702137,0.050413329,0.047300804,0.048999209,0.048904448,0.050413329,0.049706269,0.433356822,0.409910589,0.417484164,0.420250525,0.433356822,0.425420493
25_30_r0_d1,SaoPaulo,139.9225159,143.9880676,143.2622375,142.3909403,143.9880676,143.6251526,8.858420372,8.609642029,8.65353775,8.70720005,8.858420372,8.755979061,0.024622081,0.034076512,0.030114021,0.029604205,0.034076512,0.032095267,0.424553037,0.446499139,0.430850685,0.43396762,0.446499139,0.438674912
43_51_r0_d1,Kinshasa,66.72491455,64.56918335,76.99280548,69.42896779,76.99280548,71.85886002,13.26663494,15.29880142,14.04716873,14.2042017,15.29880142,14.67298508,0.283526599,0.360927463,0.313829958,0.319428007,0.360927463,0.337378711,0.345890254,0.346789688,0.389018297,0.36056608,0.389018297,0.367903993
28_60_r1_d0,Kinshasa,82.09410858,78.8788147,79.48159027,80.15150452,82.09410858,80.78784943,13.48993206,13.83696461,13.77084064,13.69924577,13.83696461,13.80390263,0.069045089,0.076808199,0.070034817,0.071962702,0.076808199,0.073421508,0.356760293,0.351926684,0.367607594,0.358764857,0.367607594,0.362183943
53_8_r0_d1,Chicago,111.7925034,100.3466187,120.2848969,110.8080063,120.2848969,116.0387001,10.63591576,11.71198845,10.0691576,10.80568727,11.71198845,11.1739521,0.124550864,0.114451133,0.111461408,0.116821135,0.124550864,0.119500998,0.532424748,0.565671623,0.579958737,0.559351703,0.579958737,0.57281518
9_46_r0_d1,SaoPaulo,134.1600189,147.7446289,146.8903198,142.9316559,147.7446289,147.3174744,9.223711014,8.385938644,8.436307907,8.681985855,9.223711014,8.83000946,0.044029973,0.034579623,0.034414031,0.037674543,0.044029973,0.039304798,0.526638865,0.560150504,0.564510107,0.550433159,0.564510107,0.562330306
39_87_r0_d1,Singapore,116.8198624,131.4353027,135.6229858,127.9593836,135.6229858,133.5291443,10.42583942,9.401932716,9.129506111,9.652426084,10.42583942,9.91388607,0.169740483,0.112821437,0.127597049,0.136719656,0.169740483,0.148668766,0.491199642,0.500916839,0.559866309,0.517327597,0.559866309,0.530391574
15_52_r0_d1,Mexico,119.588028,119.5822296,131.2554169,123.4752248,131.2554169,125.4217224,10.22241783,10.22283936,9.413827896,9.953028361,10.22283936,10.22262859,0.039412234,0.046648316,0.025212297,0.037090949,0.046648316,0.043030275,0.424787492,0.414536893,0.473675579,0.437666655,0.473675579,0.449231535
29_46_r1_d0,Kinshasa,78.89970398,77.62539673,77.99059296,78.17189789,78.89970398,78.44514847,13.8346653,13.9760952,13.93532848,13.91536299,13.9760952,13.95571184,0.066132523,0.069533601,0.058730729,0.064798951,0.069533601,0.067833062,0.38335079,0.3731969,0.36888501,0.375144233,0.38335079,0.378273845
12_36_r1_d2,HongKong,112.8097,122.140831,118.775238,117.9085897,122.140831,120.4580345,10.72924328,10.03895473,10.28165436,10.34995079,10.72924328,10.50544882,0.061765153,0.047104761,0.055138685,0.054669533,0.061765153,0.058451919,0.53728354,0.526691377,0.54058826,0.534854392,0.54058826,0.5389359
75_54_r0_d1,Orlando,111.8624802,107.917984,128.1291656,115.9698766,128.1291656,119.9958229,10.59566689,10.83743,9.520419121,10.31783867,10.83743,10.71654844,0.108619779,0.119122565,0.103519648,0.110420664,0.119122565,0.113871172,0.513786554,0.517807782,0.505580842,0.512391726,0.517807782,0.515797168
16_18_r0_d1,Munich,113.7102127,107.3093109,115.2402573,112.0865936,115.2402573,114.475235,10.66018295,11.16342354,10.54408836,10.78923162,11.16342354,10.91180325,0.045553781,0.056236256,0.058251239,0.053347092,0.058251239,0.057243748,0.392817259,0.45126605,0.388446301,0.410843203,0.45126605,0.422041655
33_16_r0_d0,HongKong,111.2097702,111.9581146,101.6269531,108.264946,111.9581146,111.5839424,10.85331345,10.79506111,11.63599396,11.09478951,11.63599396,11.2446537,0.102028958,0.106662728,0.103841536,0.104177741,0.106662728,0.105252132,0.58280313,0.572759867,0.50042367,0.551995556,0.58280313,0.577781498
60_34_r1_d0,Kinshasa,90.63503265,70.91178894,90.74105835,84.09595998,90.74105835,90.6880455,12.63024998,14.72767353,12.62009525,13.32600625,14.72767353,13.67896175,0.201188147,0.502516866,0.19887875,0.300861254,0.502516866,0.351852506,0.635244727,0.386000723,0.701301575,0.574182341,0.701301575,0.668273151
30_76_r0_d1,Singapore,146.4781036,151.2376862,148.0193329,148.5783742,151.2376862,149.6285095,8.460718155,8.182972908,8.369804382,8.337831815,8.460718155,8.415261269,0.02942119,0.034003552,0.041315001,0.034913247,0.041315001,0.037659276,0.563785434,0.548541069,0.547567725,0.553298076,0.563785434,0.556163251
14_31_r2_d0,HongKong,130.1153564,122.000412,129.9703979,127.3620555,130.1153564,130.0428772,9.489601135,10.04894638,9.499282837,9.679276784,10.04894638,9.774114609,0.039894961,0.051659856,0.053734213,0.048429677,0.053734213,0.052697035,0.43904081,0.424209118,0.437506646,0.433585525,0.43904081,0.438273728
28_37_r0_d0,Singapore,129.9737244,132.8541718,137.0717468,133.299881,137.0717468,134.9629593,9.499060631,9.308668137,9.037213326,9.281647364,9.499060631,9.403864384,0.042045657,0.051381454,0.029853016,0.041093376,0.051381454,0.046713555,0.510673165,0.49071613,0.524555087,0.508648127,0.524555087,0.517614126
28_18_r1_d2,Kigali,87.17160034,85.95025635,82.71453094,85.27879588,87.17160034,86.56092834,12.9686718,13.09122849,13.42453575,13.16147868,13.42453575,13.25788212,0.052309088,0.070992343,0.071162581,0.064821338,0.071162581,0.071077462,0.433264613,0.435512424,0.432871282,0.433882773,0.435512424,0.434388518
25_31_r0_d1,Kigali,99.53626251,102.3498154,100.2919998,100.7260259,102.3498154,101.3209076,11.81654549,11.57443047,11.75084591,11.71394062,11.81654549,11.7836957,0.064471245,0.065542445,0.05633238,0.062115356,0.065542445,0.065006845,0.471835762,0.467861503,0.477891088,0.472529451,0.477891088,0.474863425
41_67_r0_d1,SaoPaulo,143.934494,149.7806244,153.7775116,149.16421,153.7775116,151.779068,8.612874985,8.26706028,8.038315773,8.306083679,8.612874985,8.439967632,0.026980016,0.024770701,0.024510808,0.025420509,0.026980016,0.025875359,0.497944593,0.51995331,0.51852262,0.512140175,0.51995331,0.519237965
45_42_r0_d1,Kinshasa,97.06718445,93.06903076,92.69695282,94.27772268,97.06718445,95.0681076,12.03472328,12.40006828,12.43486309,12.28988489,12.43486309,12.41746569,0.047331687,0.088143528,0.094846807,0.076774007,0.094846807,0.091495167,0.43214637,0.433774889,0.43426466,0.433395306,0.43426466,0.434019774
30_38_r1_d0,Singapore,88.00598907,89.62961578,109.1531296,95.59624481,109.1531296,99.39137268,12.57382584,12.65874863,11.01544857,12.08267434,12.65874863,12.61628723,0.364913225,0.281203091,0.222150996,0.289422438,0.364913225,0.323058158,0.50449717,0.576099038,0.612344742,0.56431365,0.612344742,0.59422189
14_42_r0_d2,Munich,101.1122513,103.2806244,99.06192017,101.1515986,103.2806244,102.1964378,11.68009663,11.46166611,11.58117294,11.57431189,11.68009663,11.63063478,0.194911778,0.186167911,0.208075419,0.196385036,0.208075419,0.201493599,0.604647279,0.576021671,0.514961839,0.565210263,0.604647279,0.590334475
20_38_r1_d0,Stockholm,109.4480057,115.2202911,115.9843674,113.5508881,115.9843674,115.6023293,10.95788574,10.54559326,10.48818302,10.66388734,10.95788574,10.7517395,0.080571778,0.075397566,0.077760287,0.077909877,0.080571778,0.079166032,0.459493876,0.423312753,0.452159613,0.444988747,0.459493876,0.455826744
61_52_r0_d1,Mexico,130.7362671,129.1854553,122.7460861,127.5559362,130.7362671,129.9608612,9.448250771,9.55189991,9.996019363,9.665390015,9.996019363,9.773959637,0.038077362,0.035998065,0.040762119,0.038279182,0.040762119,0.03941974,0.404660881,0.427538663,0.416988254,0.416395932,0.427538663,0.422263458
67_36_r0_d0,Orlando,105.218895,108.336998,139.0703125,117.5420685,139.0703125,123.7036552,11.19696903,10.94330692,8.739480019,10.29325199,11.19696903,11.07013798,0.069369905,0.083323576,0.075257763,0.075983748,0.083323576,0.079290669,0.444164097,0.467509657,0.531589925,0.481087893,0.531589925,0.499549791
65_67_r0_d1,Chicago,140.0606689,140.4698486,146.7195129,142.4166768,146.7195129,143.5946808,8.849848747,8.790380478,8.446414948,8.695548058,8.849848747,8.820114613,0.054314047,0.05710179,0.074062735,0.061826191,0.074062735,0.065582262,0.411088169,0.438679904,0.461254001,0.437007358,0.461254001,0.449966952
4_36_r0_d1,SaoPaulo,131.1272278,139.966568,141.5580902,137.5506287,141.5580902,140.7623291,9.422314644,8.855685234,8.757478714,9.011826197,9.422314644,9.138999939,0.033624716,0.025313472,0.033069752,0.030669314,0.033624716,0.033347234,0.473671347,0.511087894,0.482261091,0.489006778,0.511087894,0.496674493
8_48_r0_d1,Chicago,120.7467194,125.5586548,118.8645096,121.7232946,125.5586548,123.1526871,9.93184948,9.592423439,10.10312557,9.875799497,10.10312557,10.01748753,0.037198741,0.024486817,0.032954857,0.031546805,0.037198741,0.035076799,0.429514468,0.436481535,0.411811799,0.425935934,0.436481535,0.432998002
10_38_r2_d1,HongKong,136.9055176,134.7677765,137.2140961,136.2957967,137.2140961,137.0598068,9.047753334,9.184451103,9.028198242,9.086800893,9.184451103,9.116102219,0.036428012,0.043371253,0.040477388,0.040092217,0.043371253,0.04192432,0.476957262,0.499229401,0.519576609,0.498587757,0.519576609,0.509403005
65_34_r0_d0,Chicago,125.7640839,118.9644394,120.6171799,121.781901,125.7640839,123.1906319,9.716647148,10.1650362,10.11385918,9.998514175,10.1650362,10.13944769,0.01111081,0.05008211,0.011709264,0.024300728,0.05008211,0.030895687,0.41899851,0.421072572,0.385882139,0.408651074,0.421072572,0.420035541
37_18_r1_d0,HongKong,82.5712738,80.38452911,84.05963898,82.33848063,84.05963898,83.31545639,13.40546322,13.67272377,13.25029278,13.44282659,13.67272377,13.53909349,0.171503022,0.203592852,0.231417984,0.202171286,0.231417984,0.217505418,0.677891493,0.65722084,0.625583887,0.653565407,0.677891493,0.667556167
31_94_r0_d0,Singapore,134.6906128,137.5423584,124.6607132,132.2978948,137.5423584,136.1164856,9.189426422,9.007442474,9.861579895,9.352816264,9.861579895,9.525503159,0.056557618,0.032715533,0.058181476,0.049151542,0.058181476,0.057369547,0.49194169,0.460960746,0.509557426,0.487486621,0.509557426,0.500749558
38_12_r0_d0,Mexico,139.9453278,125.1125641,136.5534821,133.870458,139.9453278,138.2494049,8.857006073,9.830153465,9.07011795,9.25242583,9.830153465,9.450135708,0.051089477,0.067559078,0.047649294,0.055432616,0.067559078,0.059324278,0.496095747,0.523104668,0.533374906,0.517525107,0.533374906,0.528239787
14_44_r1_d0,Orlando,105.0791245,99.68559265,104.1911011,102.9852727,105.0791245,104.6351128,11.31171417,11.66619587,11.28223133,11.42004712,11.66619587,11.48895502,0.237703755,0.241953045,0.231263816,0.236973539,0.241953045,0.2398284,0.374115825,0.358455598,0.392702818,0.375091414,0.392702818,0.383409321
25_27_r0_d0,Munich,104.0848465,100.7546387,106.6118164,103.8171005,106.6118164,105.3483315,11.42842293,11.7108717,11.22006512,11.45311991,11.7108717,11.56964731,0.059180591,0.063370675,0.05017883,0.057576699,0.063370675,0.061275633,0.446619749,0.411774099,0.446331084,0.434908311,0.446619749,0.446475416
40_75_r1_d1,Singapore,163.9700317,161.4610901,151.0627594,158.8312937,163.9700317,162.7155609,7.480882645,7.614814281,8.193023682,7.762906869,8.193023682,7.903918982,0.045663036,0.043828998,0.071747862,0.053746632,0.071747862,0.058705449,0.527722299,0.526074171,0.534298837,0.529365102,0.534298837,0.531010568
31_32_r1_d1,HongKong,103.5451889,84.72978973,103.7786636,97.35121409,103.7786636,103.6619263,11.47357368,13.21545029,11.45401001,12.04767799,13.21545029,12.34451199,0.104566887,0.164651632,0.144869104,0.138029208,0.164651632,0.154760368,0.451945782,0.423739195,0.48213771,0.452607562,0.48213771,0.467041746
14_75_r0_d0,Chicago,124.4830856,112.1910248,129.1755219,121.9498774,129.1755219,126.8293037,9.736637115,10.77700901,9.484173775,9.9992733,10.77700901,10.25682306,0.078288503,0.081394792,0.072320357,0.077334551,0.081394792,0.079841647,0.516597927,0.449363798,0.505160809,0.490374178,0.516597927,0.510879368
62_14_r0_d0,Mexico,122.7415924,123.7421722,131.7832336,126.0889994,131.7832336,127.7627029,9.996336937,9.92581749,9.378968239,9.767040888,9.996336937,9.961077213,0.02590728,0.033493079,0.013824435,0.024408265,0.033493079,0.02970018,0.429189503,0.418726474,0.375857472,0.407924483,0.429189503,0.423957989
30_41_r0_d2,HongKong,128.1365814,136.3320923,133.3485413,132.6057383,136.3320923,134.8403168,9.622710228,9.084211349,9.276407242,9.327776273,9.622710228,9.449558735,0.039923526,0.039765947,0.043227296,0.040972256,0.043227296,0.041575411,0.400463074,0.424396276,0.44388929,0.422916214,0.44388929,0.434142783
29_5_r0_d0,SaoPaulo,143.8533478,146.924057,150.026123,146.9345093,150.026123,148.47509,8.617773056,8.434313774,8.25283432,8.434973717,8.617773056,8.526043415,0.032464541,0.038279455,0.037582871,0.036108956,0.038279455,0.037931163,0.435244679,0.475504637,0.463732332,0.458160549,0.475504637,0.469618484
42_21_r1_d0,HongKong,53.38233948,48.21326065,54.191082,51.92889404,54.191082,53.78671074,17.05621719,17.90602493,16.67893791,17.21372668,17.90602493,17.48112106,0.190034121,0.205809042,0.212299347,0.20271417,0.212299347,0.209054194,0.465857565,0.452899396,0.467474669,0.46207721,0.467474669,0.466666117
21_59_r0_d1,Mexico,103.2014084,100.7332916,97.06921387,100.334638,103.2014084,101.96735,11.50245953,11.71271133,12.03454113,11.749904,12.03454113,11.87362623,0.128416955,0.109414473,0.137486696,0.125106042,0.137486696,0.132951826,0.506979167,0.512188256,0.510539234,0.509902219,0.512188256,0.511363745
7_17_r0_d1,SaoPaulo,135.4700623,134.3177795,137.7147217,135.8341878,137.7147217,136.592392,9.139305115,9.21350193,8.996563911,9.116456985,9.21350193,9.176403522,0.020345431,0.024743339,0.017889889,0.020992886,0.024743339,0.022544385,0.396025836,0.402814299,0.416697323,0.405179153,0.416697323,0.409755811
19_26_r1_d1,Kigali,95.85906219,99.24571991,98.4432373,97.8493398,99.24571991,98.84447861,12.14350796,11.84193611,11.91245461,11.96596622,12.14350796,12.02798128,0.061345432,0.057324525,0.058781222,0.059150393,0.061345432,0.060063327,0.390173554,0.406177342,0.388978243,0.395109713,0.406177342,0.398175448
15_9_r1_d1,Kinshasa,43.58522797,32.66675186,56.6836853,44.31188838,56.6836853,50.13445663,16.5246067,17.60700035,16.67288208,16.93482971,17.60700035,17.13994122,0.539253592,0.527974367,0.524649978,0.530625979,0.539253592,0.53361398,0.439826071,0.3194561,0.525197983,0.428160052,0.525197983,0.482512027
44_13_r0_d1,Chicago,129.8358765,129.6626587,154.0462494,137.8482615,154.0462494,141.9410629,9.508277893,9.519873619,7.95475626,8.994302591,9.519873619,9.514075756,0.059616659,0.054622162,0.05706647,0.057101764,0.059616659,0.058341565,0.461232781,0.4080998,0.452966839,0.440766474,0.461232781,0.45709981
39_48_r1_d1,Stockholm,73.44932556,70.06013489,108.1538925,83.88778432,108.1538925,90.80160904,12.51821518,14.30390739,9.450175285,12.09076595,14.30390739,13.41106129,0.222365916,0.238586813,0.158464208,0.206472312,0.238586813,0.230476364,0.674206793,0.706391096,0.691438615,0.690678835,0.706391096,0.698914856
11_37_r0_d0,HongKong,109.9551239,98.92568207,111.2183914,106.6997325,111.2183914,110.5867577,10.95186329,11.86999035,10.85264111,11.22483158,11.86999035,11.41092682,0.10227783,0.097490102,0.087471768,0.095746567,0.10227783,0.099883966,0.536019862,0.507865906,0.592127204,0.545337657,0.592127204,0.564073533
32_31_r1_d2,Stockholm,93.26570892,91.61873627,95.19928741,93.3612442,95.19928741,94.23249817,12.10486603,12.36448383,12.10070515,12.19001834,12.36448383,12.23467493,0.211150497,0.160375804,0.160854235,0.177460179,0.211150497,0.186002366,0.426062077,0.44009006,0.452025354,0.439392497,0.452025354,0.446057707
56_28_r0_d1,Chicago,134.8568115,140.816452,137.677597,137.7836202,140.816452,139.2470245,8.866612434,8.700311661,8.9647789,8.843900998,8.9647789,8.915695667,0.155415744,0.125140741,0.135694429,0.138750305,0.155415744,0.145555086,0.567983568,0.577083111,0.544389725,0.563152134,0.577083111,0.572533339
43_3_r0_d0,SaoPaulo,132.0700836,135.9717255,142.495697,136.8458354,142.495697,139.2337112,9.360082626,9.107199669,8.700137138,9.055806478,9.360082626,9.233641148,0.079544798,0.071648724,0.070633881,0.073942468,0.079544798,0.075596761,0.490008563,0.515648961,0.509294271,0.504983932,0.515648961,0.512471616
21_39_r0_d0,SaoPaulo,138.5178375,140.0892029,141.2809906,139.962677,141.2809906,140.6850967,8.946058273,8.848079681,8.774497986,8.85621198,8.946058273,8.897068977,0.034056146,0.030318527,0.028973671,0.031116114,0.034056146,0.032187336,0.417994022,0.413847536,0.412045062,0.414628873,0.417994022,0.415920779
34_45_r0_d0,Chicago,136.175293,142.414856,149.618988,142.736379,149.618988,146.016922,8.887390137,8.636672974,8.208045006,8.577369372,8.887390137,8.762031555,0.090809323,0.038764291,0.07156831,0.067047308,0.090809323,0.081188817,0.498028934,0.482699364,0.506936848,0.495888382,0.506936848,0.502482891
43_51_r0_d1,Stockholm,68.99662781,66.45357513,75.76282501,70.40434265,75.76282501,72.37972641,13.55788612,15.08403587,13.13841438,13.92677879,15.08403587,14.320961,0.156298056,0.184793636,0.139054418,0.160048703,0.184793636,0.170545846,0.473334372,0.435859621,0.464386255,0.457860082,0.473334372,0.468860313
41_53_r0_d0,SaoPaulo,133.1076813,140.9927979,134.1587219,136.0864003,140.9927979,137.5757599,9.292109489,8.792234421,9.22379303,9.102712313,9.292109489,9.25795126,0.026150834,0.020352053,0.033896733,0.026799873,0.033896733,0.030023783,0.400642782,0.435409665,0.404668063,0.413573503,0.435409665,0.420038864
69_6_r0_d1,Chicago,147.9590149,126.9451675,147.2064667,140.7035497,147.9590149,147.5827408,8.373343468,9.635456085,8.383505821,8.797435125,9.635456085,9.009480953,0.022247849,0.047401708,0.073513933,0.047721163,0.073513933,0.06045782,0.494081676,0.451721907,0.538095832,0.494633138,0.538095832,0.516088754
11_50_r0_d1,Stockholm,103.3286972,106.2075195,103.9888229,104.5083466,106.2075195,105.0981712,11.45762253,11.25306702,11.43643856,11.38237604,11.45762253,11.44703054,0.071156122,0.076382525,0.072993323,0.073510657,0.076382525,0.074687924,0.418675482,0.40419504,0.403210074,0.408693532,0.418675482,0.411435261
52_43_r0_d0,Chicago,121.4914474,121.462883,125.4907455,122.8150253,125.4907455,123.4910965,10.01686573,9.984507561,9.769808769,9.923727353,10.01686573,10.00068665,0.037110336,0.039588273,0.042265873,0.039654827,0.042265873,0.040927073,0.481173396,0.437442303,0.471881598,0.463499099,0.481173396,0.476527497
56_18_r0_d0,Mexico,124.3244934,119.0326157,119.4697113,120.9422735,124.3244934,121.8971024,9.88503933,10.26285267,10.23101616,10.12630272,10.26285267,10.24693441,0.030764619,0.048153434,0.044744775,0.041220943,0.048153434,0.046449104,0.420482695,0.425866842,0.439886272,0.42874527,0.439886272,0.432876557
21_15_r0_d1,Kigali,93.06499481,92.53470612,88.9957428,91.53181458,93.06499481,92.79985046,12.40044594,12.45007896,12.78878689,12.54643726,12.78878689,12.61943293,0.051359367,0.052952301,0.066740669,0.057017446,0.066740669,0.059846485,0.452826291,0.493267626,0.459488511,0.468527476,0.493267626,0.476378068
40_21_r0_d0,Kinshasa,74.22481537,74.66947937,73.53106689,74.14178721,74.66947937,74.44714737,14.3651886,14.31330967,14.44675446,14.37508424,14.44675446,14.40597153,0.092084989,0.09990067,0.099750586,0.097245415,0.09990067,0.099825628,0.398600757,0.391086161,0.402161837,0.397282918,0.402161837,0.400381297
8_29_r0_d0,SaoPaulo,133.034317,140.3046722,134.443634,135.9275411,140.3046722,137.3741531,9.296898842,8.834729195,9.205368042,9.112332026,9.296898842,9.251133442,0.024390612,0.028449049,0.027163321,0.026667661,0.028449049,0.027806185,0.394642174,0.481478035,0.440601885,0.438907365,0.481478035,0.46103996
45_12_r0_d1,Orlando,87.18755341,99.40574646,108.0138474,98.20238241,108.0138474,103.7097969,12.69021893,11.75955009,11.03819084,11.82931995,12.69021893,12.22488451,0.23671487,0.239790931,0.248015866,0.241507222,0.248015866,0.243903399,0.352540731,0.372716576,0.416947424,0.380734911,0.416947424,0.394832
5_43_r0_d1,Chicago,127.0864716,126.3232346,122.3975754,125.2690938,127.0864716,126.7048531,9.556857109,9.539690971,9.883386612,9.659978231,9.883386612,9.720121861,0.038662106,0.027190793,0.027116999,0.030989966,0.038662106,0.03292645,0.441683948,0.423270971,0.450131029,0.438361983,0.450131029,0.445907488
39_28_r0_d0,Kinshasa,73.91114807,78.75656128,75.79431152,76.15400696,78.75656128,77.2754364,14.40197372,13.85043716,14.18344021,14.1452837,14.40197372,14.29270697,0.083172739,0.085926823,0.091400817,0.08683346,0.091400817,0.08866382,0.42329061,0.421837091,0.417856723,0.420994808,0.42329061,0.422563851
57_37_r0_d1,Mexico,116.6887207,111.5274124,119.2517166,115.8226166,119.2517166,117.9702187,10.43559551,10.82853889,10.24688053,10.50367165,10.82853889,10.6320672,0.045534361,0.056303062,0.052821763,0.051553062,0.056303062,0.054562412,0.437607974,0.400574416,0.477482855,0.438555082,0.477482855,0.457545415
15_41_r0_d1,Stockholm,101.207695,97.86109924,99.95751953,99.67543793,101.207695,100.5826073,11.6719017,11.92984104,11.74573421,11.78249232,11.92984104,11.83778763,0.073107466,0.085126229,0.072925508,0.077053068,0.085126229,0.079116847,0.436311364,0.434817433,0.444477141,0.438535313,0.444477141,0.440394253
13_43_r0_d2,Stockholm,112.0110016,119.0853958,110.405899,113.8340988,119.0853958,115.5481987,10.7909584,10.25900269,10.88219738,10.64405282,10.88219738,10.83657789,0.117127478,0.103227854,0.101213276,0.107189536,0.117127478,0.110177666,0.45228523,0.454457045,0.438506722,0.448416332,0.454457045,0.453371137
