base,city,img1_2SSIM,img1_2MS_SSIM,img1_2LPIPS,img2_3SSIM,img2_3MS_SSIM,img2_3LPIPS,img1_3SSIM,img1_3MS_SSIM,img1_3LPIPS,mean_SSIM,mean_MS_SSIM,mean_LPIPS
14_16_r0_d0,Stockholm,0.11684993654489517,0.14668793976306915,0.3553641140460968,0.11715976148843765,0.09256049245595932,0.4001808166503906,0.09252354502677917,0.0,0.3631322383880615,0.10884441435337067,0.07974947740634282,0.37289238969484967
56_10_r1_d0,Stockholm,0.18024276196956635,0.399837464094162,0.3399735987186432,0.13873717188835144,0.33611640334129333,0.37657421827316284,0.11770732700824738,0.30168476700782776,0.4065016210079193,0.1455624202887217,0.3458795448144277,0.37434981266657513
27_6_r0_d1,Munich,0.2512144446372986,0.313109815120697,0.39893990755081177,0.1691979169845581,0.09648779034614563,0.4777278006076813,0.1400328427553177,0.041396018117666245,0.4788297414779663,0.1868150681257248,0.15033120786150297,0.45183248321215314
5_29_r1_d2,HongKong,0.07338665425777435,0.34629520773887634,0.31560254096984863,0.054693788290023804,0.2499198317527771,0.3244052827358246,0.05560184642672539,0.25684016942977905,0.37570518255233765,0.061227429658174515,0.28435173630714417,0.3385710020860036
68_51_r0_d0,SaoPaulo,0.023597819730639458,0.0,0.33693742752075195,0.029069608077406883,0.057314515113830566,0.3698473274707794,0.03377966955304146,0.04331547021865845,0.3224976658821106,0.0288156991203626,0.033543328444163,0.343094140291214
27_35_r1_d2,Kigali,0.08362208306789398,0.07757123559713364,0.3042975068092346,0.09401719272136688,0.08885540813207626,0.31802237033843994,0.08468670397996902,0.06970155239105225,0.3354303240776062,0.08744199325640996,0.07870939870675404,0.31925006707509357
79_28_r0_d0,Chicago,0.31233951449394226,0.38603606820106506,0.2687360644340515,0.20452985167503357,0.03919050469994545,0.5037290453910828,0.25639811158180237,0.0,0.48359066247940063,0.2577558259169261,0.1417421909670035,0.41868525743484497
46_12_r0_d0,Munich,0.20060765743255615,0.20544855296611786,0.44186872243881226,0.11050856113433838,0.0,0.5448561906814575,0.10097111016511917,0.0,0.5493650436401367,0.13736244291067123,0.06848285098870595,0.5120299855868021
54_3_r0_d1,SaoPaulo,0.12309468537569046,0.12764881551265717,0.365298867225647,0.044769175350666046,0.07673922181129456,0.36432164907455444,0.033237483352422714,0.029239220544695854,0.42176198959350586,0.06703378135959308,0.07787575262288253,0.3837941686312358
7_32_r0_d1,SaoPaulo,0.065803661942482,0.16558410227298737,0.40016138553619385,0.04642321169376373,0.07784558087587357,0.44883590936660767,0.046888794749975204,0.09972961992025375,0.44529277086257935,0.05303855612874031,0.11438643435637157,0.43143002192179364
10_47_r1_d1,Singapore,0.08957669883966446,0.0,0.5140408277511597,0.08495523780584335,0.15347115695476532,0.47988006472587585,0.06360958516597748,0.09662479162216187,0.48975029587745667,0.0793805072704951,0.08336531619230907,0.49455706278483075
56_38_r0_d1,Mexico,0.03471067175269127,0.008558236062526703,0.30535638332366943,0.1115456148982048,0.20891529321670532,0.31713324785232544,0.05978597328066826,0.013545229099690914,0.3210254907608032,0.06868075331052144,0.07700625279297431,0.31450504064559937
38_46_r0_d1,SaoPaulo,0.03719193860888481,0.10676103830337524,0.397798091173172,0.029307352378964424,0.06985422223806381,0.42979300022125244,0.03243207931518555,0.11156126111745834,0.38052940368652344,0.032977123434344925,0.0960588405529658,0.4027068316936493
106_24_r1_d0,Orlando,0.10550893098115921,0.1754552572965622,0.3761585056781769,0.07816911488771439,0.04855555295944214,0.44844499230384827,0.07957902550697327,0.051517803221940994,0.4300183057785034,0.08775235712528229,0.09184287115931511,0.4182072679201762
17_51_r1_d0,Kigali,0.23674903810024261,0.17120756208896637,0.43311607837677,0.29559215903282166,0.2692596912384033,0.3314204812049866,0.23013617098331451,0.17662417888641357,0.42994624376296997,0.2541591227054596,0.20569714407126108,0.3981609344482422
94_26_r1_d0,Orlando,0.17939716577529907,0.18575163185596466,0.4921531677246094,0.15060648322105408,0.17575861513614655,0.5277538895606995,0.1492784172296524,0.1650015264749527,0.4681767225265503,0.15976068874200186,0.1755039244890213,0.49602792660395306
18_42_r0_d0,SaoPaulo,0.05991796404123306,0.08187060803174973,0.3737075924873352,0.04258808493614197,0.0906032994389534,0.372983455657959,0.04676426574587822,0.09120688587427139,0.3531341254711151,0.04975677157441775,0.08789359778165817,0.3666083912054698
61_58_r0_d1,Mexico,0.04252531751990318,0.0,0.30889058113098145,0.028953565284609795,0.0038499750662595034,0.31214481592178345,0.04198022931814194,0.09054479748010635,0.30184972286224365,0.03781970404088497,0.031464924182121955,0.30762837330500287
24_51_r2_d1,Kigali,0.24900612235069275,0.16869568824768066,0.44070395827293396,0.252962589263916,0.11404480785131454,0.42742863297462463,0.254819393157959,0.13388366997241974,0.4157002866268158,0.2522627015908559,0.138874722023805,0.42794429262479144
19_35_r0_d0,HongKong,0.03010675124824047,0.09064125269651413,0.492121160030365,0.04681554064154625,0.10871082544326782,0.48704200983047485,0.03699527308344841,0.039793405681848526,0.49074453115463257,0.03797252165774504,0.07971516127387683,0.48996923367182416
37_13_r0_d0,Kinshasa,0.3856596052646637,0.27296510338783264,0.32623744010925293,0.4693288505077362,0.40312036871910095,0.24291281402111053,0.38944441080093384,0.3154204189777374,0.29528653621673584,0.4148109555244446,0.3305019636948903,0.28814559678236645
10_14_r1_d0,Kinshasa,0.3404572308063507,0.055013615638017654,0.4383384883403778,0.36229246854782104,0.19155579805374146,0.42746883630752563,0.21574845910072327,0.11670096963644028,0.4336363971233368,0.30616605281829834,0.12109012777606647,0.4331479072570801
20_63_r0_d0,Chicago,0.009809892624616623,0.0,0.4068880081176758,0.05020710080862045,0.0,0.40551427006721497,0.037750910967588425,0.08576861023902893,0.41537949442863464,0.032589301466941833,0.028589536746342976,0.4092605908711751
38_50_r0_d1,Kinshasa,0.09519274532794952,0.09842830151319504,0.2982519268989563,0.10126081109046936,0.12640129029750824,0.3337661027908325,0.07645208388566971,0.08057376742362976,0.3402913510799408,0.09096854676802953,0.10180111974477768,0.3241031269232432
1_6_r0_d0,Mexico,0.10323066264390945,0.21018321812152863,0.32204490900039673,0.04799395054578781,0.14512963593006134,0.4060492515563965,0.042385250329971313,0.1283337026834488,0.4194346070289612,0.06453662117322286,0.1612155189116796,0.38250958919525146
55_34_r0_d1,Chicago,0.1500595062971115,0.23205749690532684,0.47678619623184204,0.15292240679264069,0.20054511725902557,0.5048684477806091,0.11862357705831528,0.07681240886449814,0.5558438897132874,0.14053516338268915,0.1698050076762835,0.5124995112419128
27_63_r1_d1,Stockholm,0.2684590220451355,0.26103290915489197,0.39109542965888977,0.21705274283885956,0.0,0.4850548803806305,0.2566513121128082,0.21232838928699493,0.456393837928772,0.24738769233226776,0.15778709948062897,0.4441813826560974
14_32_r0_d0,Singapore,0.025772996246814728,0.0,0.42027437686920166,0.03993460536003113,0.0,0.4080084264278412,0.023484162986278534,0.0,0.450643390417099,0.02973058819770813,0.0,0.4263087312380473
22_35_r1_d1,Stockholm,0.04567656293511391,0.07396679371595383,0.35931625962257385,0.07568112015724182,0.14445394277572632,0.3399815261363983,0.059884779155254364,0.1222228929400444,0.34938904643058777,0.0604141540825367,0.11354787647724152,0.34956227739651996
30_45_r0_d0,HongKong,0.05967392027378082,0.0,0.572884738445282,0.08425693213939667,0.0,0.5808382034301758,0.06324589252471924,0.0,0.5702066421508789,0.0690589149792989,0.0,0.5746431946754456
51_39_r0_d1,Orlando,0.12076568603515625,0.2120874673128128,0.40923190116882324,0.11828099191188812,0.13324691355228424,0.46580231189727783,0.12118358910083771,0.11169824004173279,0.47756409645080566,0.12007675568262736,0.15234420696894327,0.45086610317230225
17_42_r0_d1,Kigali,0.10507801920175552,0.11833582073450089,0.36682483553886414,0.11777856945991516,0.14455066621303558,0.3926737904548645,0.09060738980770111,0.07209527492523193,0.3541083037853241,0.10448799282312393,0.1116605872909228,0.3712023099263509
18_47_r0_d1,Kinshasa,0.13391563296318054,0.0,0.32216838002204895,0.12140095978975296,0.04239496961236,0.28454864025115967,0.1803656816482544,0.08520790934562683,0.2798651158809662,0.14522742480039597,0.04253429298599561,0.2955273787180583
84_51_r0_d1,Orlando,0.2602219879627228,0.0,0.5335685610771179,0.28413209319114685,0.2825217545032501,0.48829978704452515,0.22275686264038086,0.0,0.43974819779396057,0.2557036479314168,0.09417391816775005,0.48720551530520123
9_52_r0_d1,SaoPaulo,0.049949873238801956,0.0486910380423069,0.41888564825057983,0.05949234962463379,0.14815448224544525,0.4185970425605774,0.043247733265161514,0.08618012815713882,0.37383797764778137,0.05089665204286575,0.09434188281496365,0.40377355615297955
25_24_r2_d2,HongKong,0.19828025996685028,0.17768071591854095,0.48227131366729736,0.09487133473157883,0.0,0.5241408348083496,0.1016487330198288,0.07897388935089111,0.5638532042503357,0.1316001092394193,0.08555153508981068,0.5234217842419943
21_55_r2_d2,HongKong,0.05552823841571808,0.0,0.45511624217033386,0.04901020973920822,0.0,0.4817371666431427,0.04152663052082062,0.04144872725009918,0.49662038683891296,0.048688359558582306,0.013816242416699728,0.4778245985507965
39_40_r1_d0,Singapore,0.24605101346969604,0.2190716713666916,0.43464043736457825,0.20280684530735016,0.14654022455215454,0.4786260724067688,0.13231948018074036,0.08560726046562195,0.496811181306839,0.19372577965259552,0.15040638546148935,0.470025897026062
25_47_r2_d0,HongKong,0.0745038390159607,0.0,0.4890361428260803,0.06691931188106537,0.15832431614398956,0.4980514943599701,0.04285820946097374,0.0,0.5669040083885193,0.06142712011933327,0.05277477204799652,0.5179972151915232
39_15_r2_d1,Kigali,0.3357727527618408,0.2020174115896225,0.34630095958709717,0.3529975414276123,0.2107754945755005,0.3393111228942871,0.31398558616638184,0.23992717266082764,0.35071074962615967,0.33425196011861164,0.2175733596086502,0.34544094403584796
38_12_r0_d1,SaoPaulo,0.056434839963912964,0.02031850442290306,0.4322545826435089,0.06913726776838303,0.09271129965782166,0.4241858422756195,0.09295650571584702,0.15323637425899506,0.3447929322719574,0.072842871149381,0.08875539277990659,0.40041111906369525
63_40_r0_d0,Orlando,0.3286994397640228,0.28614529967308044,0.4088131785392761,0.35950204730033875,0.2645694613456726,0.34936845302581787,0.28225523233413696,0.22171884775161743,0.3751046359539032,0.3234855731328328,0.2574778695901235,0.3777620891729991
34_20_r1_d1,Kinshasa,0.11487990617752075,0.13912035524845123,0.27143508195877075,0.12554395198822021,0.13862651586532593,0.274446040391922,0.105727419257164,0.11349605768918991,0.2610119581222534,0.11538375914096832,0.13041430960098901,0.26896436015764874
1_1_r0_d0,Mexico,0.033732447773218155,0.07647944986820221,0.40639549493789673,0.02392926812171936,0.08675534278154373,0.36046335101127625,0.037292297929525375,0.08852200955152512,0.41563692688941956,0.03165133794148763,0.08391893406709035,0.3941652576128642
40_19_r1_d0,Kigali,0.3579995334148407,0.2273343801498413,0.3913322687149048,0.3676035702228546,0.2214568853378296,0.39136549830436707,0.3621000349521637,0.2763848602771759,0.3849661946296692,0.3625677128632863,0.24172537525494894,0.38922132054964703
91_30_r0_d1,Orlando,0.1140243411064148,0.1208370253443718,0.4163413643836975,0.1274210661649704,0.17952406406402588,0.4289534389972687,0.15727846324443817,0.15697605907917023,0.43720194697380066,0.1329079568386078,0.15244571616252264,0.4274989167849223
86_14_r0_d1,Orlando,0.26189547777175903,0.33174726366996765,0.37914401292800903,0.16450680792331696,0.08337081223726273,0.601148784160614,0.16590751707553864,0.09483283758163452,0.6113103628158569,0.1974366009235382,0.16998363782962164,0.5305343866348267
38_86_r1_d1,Kinshasa,0.2137404978275299,0.12172975391149521,0.4083772301673889,0.214128315448761,0.17911572754383087,0.40412548184394836,0.10614984482526779,0.054458219558000565,0.2611698806285858,0.17800621936718622,0.11843456700444221,0.3578908642133077
39_16_r0_d0,Mexico,0.03753732889890671,0.09123316407203674,0.39554232358932495,0.043924130499362946,0.11322071403265,0.4031142592430115,0.03174861520528793,0.07191210985183716,0.41471680998802185,0.037736691534519196,0.09212199598550797,0.4044577976067861
10_42_r1_d0,Singapore,0.0803498923778534,0.2260034829378128,0.3982621729373932,0.05691652372479439,0.14970093965530396,0.4292655885219574,0.07693352550268173,0.2155899554491043,0.43167123198509216,0.07139998053510983,0.1970981260140737,0.41973299781481427
12_49_r1_d1,HongKong,0.16684511303901672,0.27008169889450073,0.4391534626483917,0.1905817836523056,0.20963458716869354,0.5738007426261902,0.16073593497276306,0.2166898250579834,0.5917803049087524,0.17272094388802847,0.2321353703737259,0.5349115033944448
29_81_r1_d0,Singapore,0.2924996316432953,0.01852305606007576,0.40362998843193054,0.22911687195301056,0.036417942494153976,0.41236257553100586,0.23667019605636597,0.035136912018060684,0.4328629970550537,0.25276223321755725,0.030025970190763474,0.4162851870059967
40_84_r0_d0,Kinshasa,0.08294425159692764,0.05038448050618172,0.3145616352558136,0.09630361199378967,0.09039080142974854,0.2525802254676819,0.0813877210021019,0.06435833871364594,0.298712819814682,0.0868785281976064,0.06837787354985873,0.28861822684605914
71_44_r0_d1,SaoPaulo,0.02881750836968422,0.016825703904032707,0.3719778060913086,0.04757801070809364,0.10476016998291016,0.3558327853679657,0.05998089909553528,0.12289499491453171,0.331979364156723,0.04545880605777105,0.08149362293382485,0.35326331853866577
47_37_r0_d0,Orlando,0.0904545783996582,0.06632163375616074,0.351971834897995,0.10217808187007904,0.03951304778456688,0.3889954388141632,0.0958889052271843,0.0,0.37060752511024475,0.09617385516564052,0.03527822718024254,0.37052493294080097
47_89_r1_d1,Kinshasa,0.4225122034549713,0.3115037977695465,0.3134063482284546,0.49992090463638306,0.43416842818260193,0.2354114055633545,0.42351216077804565,0.3391358554363251,0.2861179709434509,0.4486484229564667,0.36160269379615784,0.27831190824508667
16_55_r1_d1,Singapore,0.11509037762880325,0.1645803600549698,0.46764808893203735,0.07673168927431107,0.11460504680871964,0.49044549465179443,0.07394099235534668,0.13489530980587006,0.48062437772750854,0.088587686419487,0.13802690555651984,0.4795726537704468
20_17_r1_d0,Munich,0.3483900725841522,0.4155835211277008,0.4668668806552887,0.30401837825775146,0.07245039939880371,0.5907666683197021,0.26016971468925476,0.19288523495197296,0.5489436388015747,0.3041927218437195,0.22697305182615915,0.5355257292588552
73_65_r0_d0,Orlando,0.19022344052791595,0.16921930015087128,0.49531883001327515,0.1699390411376953,0.1676693707704544,0.5337772369384766,0.13618935644626617,0.12207552045583725,0.5011947751045227,0.16545061270395914,0.15298806379238764,0.5100969473520914
15_49_r1_d0,Orlando,0.208739772439003,0.17466115951538086,0.3279087245464325,0.15584176778793335,0.0,0.45400047302246094,0.16659168899059296,0.17059721052646637,0.4432760179042816,0.17705774307250977,0.11508612334728241,0.40839507182439166
43_12_r0_d2,Munich,0.2101851999759674,0.22885821759700775,0.42611777782440186,0.10650550574064255,0.0,0.5493763089179993,0.10639570653438568,0.0,0.5627598762512207,0.14102880408366522,0.07628607253233592,0.5127513209978739
26_53_r1_d1,Kinshasa,0.0704207569360733,0.07381627708673477,0.3414318859577179,0.08081535995006561,0.07653078436851501,0.3456462025642395,0.06623277068138123,0.05556236580014229,0.3226681649684906,0.07248962918917339,0.06863647575179736,0.336582084496816
17_55_r1_d0,Singapore,0.08395731449127197,0.03829946741461754,0.489551305770874,0.12937825918197632,0.17292898893356323,0.4829874634742737,0.06276959925889969,0.017136432230472565,0.5117095112800598,0.09203505764404933,0.07612162952621777,0.49474942684173584
20_7_r0_d1,Kigali,0.2116698920726776,0.1237950250506401,0.4592289924621582,0.2422902137041092,0.12486204504966736,0.4295920729637146,0.21259188652038574,0.127981036901474,0.39868542551994324,0.22218399743239084,0.1255460356672605,0.42916883031527203
62_66_r1_d0,Orlando,0.26895976066589355,0.3307424783706665,0.39133673906326294,0.17770390212535858,0.09569429606199265,0.5886738896369934,0.18625135719776154,0.10728762298822403,0.6109923124313354,0.21097167332967123,0.17790813247362772,0.5303343137105306
28_72_r1_d0,Kinshasa,0.1217365488409996,0.0735878050327301,0.3066675364971161,0.12197045236825943,0.09111034125089645,0.30023685097694397,0.1297478973865509,0.06790418177843094,0.27519720792770386,0.12448496619860332,0.07753410935401917,0.2940338651339213
46_28_r0_d0,Mexico,0.07095494121313095,0.0509679950773716,0.29818645119667053,0.03392305597662926,0.019645964726805687,0.3123552203178406,0.07805642485618591,0.14885437488555908,0.33466923236846924,0.06097814068198204,0.07315611156324546,0.3150703012943268
30_68_r1_d1,Kinshasa,0.3462674021720886,0.25344064831733704,0.32555603981018066,0.42639774084091187,0.37094220519065857,0.24850904941558838,0.35589125752449036,0.29747897386550903,0.30686962604522705,0.37618546684583026,0.3072872757911682,0.29364490509033203
24_55_r0_d1,HongKong,0.10576042532920837,0.14171086251735687,0.49361932277679443,0.1363665759563446,0.07722732424736023,0.5526947975158691,0.12012600898742676,0.04744242504239082,0.5355207324028015,0.12075100342432658,0.08879353726903598,0.5272782842318217
28_46_r1_d0,HongKong,0.0418831966817379,0.07997170090675354,0.48610126972198486,0.0512474924325943,0.0,0.4704385995864868,0.04516332969069481,0.04487207531929016,0.47815391421318054,0.04609800626834234,0.0416145920753479,0.4782312611738841
97_28_r0_d1,Orlando,0.16535203158855438,0.16020311415195465,0.339023232460022,0.15599410235881805,0.17060720920562744,0.366714745759964,0.16133397817611694,0.11470545083284378,0.37143510580062866,0.1608933707078298,0.14850525806347528,0.3590576946735382
34_18_r2_d1,HongKong,0.17478111386299133,0.294359415769577,0.4347519874572754,0.15558075904846191,0.1969153881072998,0.3937404453754425,0.21356064081192017,0.3180004060268402,0.3672194182872772,0.1813075045744578,0.269758403301239,0.39857061703999835
3_49_r1_d1,Singapore,0.13382764160633087,0.5007540583610535,0.15811209380626678,0.14354433119297028,0.491528183221817,0.15851113200187683,0.1386253386735916,0.4794132709503174,0.1536255031824112,0.13866577049096426,0.49056517084439594,0.15674957633018494
8_26_r0_d0,Orlando,0.18236365914344788,0.272082656621933,0.37691932916641235,0.1847413182258606,0.214391827583313,0.4264490604400635,0.1666640341281891,0.20106850564479828,0.4572869837284088,0.17792300383249918,0.22918099661668143,0.42021845777829486
22_20_r1_d0,Munich,0.08640356361865997,0.0,0.4854750335216522,0.09227143973112106,0.0,0.4498625695705414,0.061587002128362656,0.0,0.49723076820373535,0.08008733515938123,0.0,0.4775227904319763
49_41_r0_d0,Mexico,0.07955041527748108,0.23349666595458984,0.2334306687116623,0.08971910923719406,0.20978359878063202,0.2594967186450958,0.11785509437322617,0.3088192045688629,0.24600885808467865,0.0957082062959671,0.2506998231013616,0.24631208181381226
12_51_r1_d0,Munich,0.06724405288696289,0.12294477224349976,0.4080231487751007,0.03735928237438202,0.07464098185300827,0.4774278998374939,0.05506690591573715,0.0,0.42785531282424927,0.05322341372569402,0.06586191803216934,0.4377687871456146
52_31_r0_d1,Orlando,0.12226925790309906,0.014262109994888306,0.5003446340560913,0.14488737285137177,0.096339650452137,0.5238988995552063,0.12093867361545563,0.13314609229564667,0.4555036425590515,0.12936510145664215,0.08124928424755733,0.4932490587234497
15_24_r0_d1,SaoPaulo,0.01661035232245922,0.0,0.39288923144340515,0.04612904414534569,0.030104676261544228,0.3874499499797821,0.038150522857904434,0.033337902277708054,0.32458409667015076,0.03362997310856978,0.02114752617975076,0.368307759364446
11_59_r1_d2,Kigali,0.17124582827091217,0.07590828090906143,0.4361739456653595,0.2068556249141693,0.15717722475528717,0.41993585228919983,0.18164017796516418,0.12133047729730606,0.3843647241592407,0.18658054371674856,0.11813866098721822,0.41349150737126666
14_74_r0_d1,Singapore,0.11239039152860641,0.22078697383403778,0.4164530038833618,0.145550936460495,0.25111135840415955,0.39154183864593506,0.1302257478237152,0.28500616550445557,0.40302515029907227,0.12938902527093887,0.25230149924755096,0.40367333094278973
39_10_r0_d0,Kigali,0.1467042714357376,0.06762026995420456,0.4156893193721771,0.17117184400558472,0.14812862873077393,0.410108745098114,0.14693832397460938,0.08884146809577942,0.36323773860931396,0.15493814647197723,0.10153012226025264,0.3963452676932017
76_55_r0_d0,Mexico,0.03691500052809715,0.10688906162977219,0.3709573745727539,0.059082940220832825,0.08804432302713394,0.3042995035648346,0.027790075168013573,0.059667106717824936,0.3538396954536438,0.041262671972314514,0.08486683045824368,0.34303219119707745
17_40_r1_d1,Singapore,0.05104851722717285,0.0,0.40507498383522034,0.057230014353990555,0.09338095039129257,0.41239044070243835,0.05163940414786339,0.08349738270044327,0.4230083227157593,0.05330597857634226,0.05895944436391195,0.41349124908447266
109_16_r1_d0,Orlando,0.09165500104427338,0.13240975141525269,0.3811054825782776,0.0784059539437294,0.05939550697803497,0.4517250657081604,0.07120947539806366,0.012860797345638275,0.43538224697113037,0.08042347679535548,0.06822201857964198,0.42273759841918945
48_11_r0_d1,Orlando,0.16954784095287323,0.06277282536029816,0.47958990931510925,0.13348853588104248,0.03975275158882141,0.5401434302330017,0.24883347749710083,0.36871373653411865,0.4523283839225769,0.18395661811033884,0.1570797711610794,0.49068724115689594
1_28_r1_d1,Kigali,0.22233423590660095,0.1318061798810959,0.47145575284957886,0.24150438606739044,0.13663184642791748,0.4304671883583069,0.21541278064250946,0.12905889749526978,0.4108178913593292,0.22641713420550028,0.1324989746014277,0.43758027752240497
16_44_r0_d1,SaoPaulo,0.06064600497484207,0.14420735836029053,0.38738343119621277,0.044650595635175705,0.1550007462501526,0.3955546021461487,0.05570046976208687,0.1703179031610489,0.37653350830078125,0.05366569012403488,0.156508669257164,0.38649051388104755
13_42_r0_d1,HongKong,0.16660301387310028,0.2718762159347534,0.4358384311199188,0.18835464119911194,0.21707451343536377,0.5795531272888184,0.16049189865589142,0.22083139419555664,0.5965452194213867,0.1718165179093679,0.23659404118855795,0.537312259276708
21_22_r1_d1,Singapore,0.03894076868891716,0.06755220144987106,0.43843644857406616,0.03943948820233345,0.057520683854818344,0.43333160877227783,0.015805890783667564,0.0,0.4654906392097473,0.03139538255830606,0.041690961768229805,0.44575289885203045
7_48_r0_d2,Munich,0.04977111890912056,0.0,0.39398613572120667,0.05386945977807045,0.04268499091267586,0.4336049556732178,0.03779779002070427,0.015454351902008057,0.41975536942481995,0.04714612290263176,0.01937978093822797,0.4157821536064148
35_86_r0_d1,Mexico,0.08137177675962448,0.07591830939054489,0.31565073132514954,0.09106500446796417,0.12491589784622192,0.34753718972206116,0.08864667266607285,0.18329288065433502,0.31810104846954346,0.08702781796455383,0.12804236263036728,0.3270963231722514
82_6_r1_d0,Orlando,0.25766173005104065,0.26219895482063293,0.31706976890563965,0.2561338543891907,0.2466823011636734,0.4241834878921509,0.24167166650295258,0.2030537873506546,0.4442383050918579,0.2518224169810613,0.23731168111165366,0.3951638539632161
50_10_r0_d1,Orlando,0.29224589467048645,0.2598619759082794,0.479420006275177,0.1939757615327835,0.044305626302957535,0.5848391652107239,0.2277674823999405,0.2451729029417038,0.5242298245429993,0.23799637953440347,0.18311350171764693,0.5294963320096334
24_54_r1_d1,HongKong,0.07418207079172134,0.0,0.5391984581947327,0.09498569369316101,0.06820753216743469,0.6091607809066772,0.09067870676517487,0.0,0.590270459651947,0.08661549041668574,0.022735844055811565,0.5795432329177856
75_34_r1_d0,Orlando,0.14864352345466614,0.21959708631038666,0.4172869622707367,0.0960090309381485,0.13206498324871063,0.4544711709022522,0.11281793564558029,0.1639738380908966,0.4065125584602356,0.11915683001279831,0.1718786358833313,0.42609023054440814
60_21_r0_d1,Chicago,0.002315165940672159,0.0,0.3857729434967041,-0.0014581040013581514,0.0,0.3302701413631439,0.04221997782588005,0.0962083637714386,0.4087619185447693,0.014359013255064687,0.03206945459047953,0.37493500113487244
24_20_r0_d0,Kigali,0.1655762791633606,0.06240507960319519,0.3926205635070801,0.16803224384784698,0.09735139459371567,0.3958433270454407,0.1785675287246704,0.13381235301494598,0.39937132596969604,0.170725350578626,0.09785627573728561,0.39594507217407227
19_45_r2_d2,Kigali,0.14629799127578735,0.1033901572227478,0.36481621861457825,0.13662423193454742,0.09300645440816879,0.37325358390808105,0.12036894261837006,0.08297482877969742,0.4129239618778229,0.13443038860956827,0.09312381347020467,0.3836645881334941
21_63_r0_d2,Munich,0.30401334166526794,0.33690667152404785,0.3848218321800232,0.20156234502792358,0.14141111075878143,0.5158234238624573,0.16628947854042053,0.09950742870569229,0.5152992606163025,0.2239550550778707,0.19260840366284052,0.47198150555292767
8_35_r0_d0,Orlando,0.08651543408632278,0.11601736396551132,0.33949196338653564,0.09336934983730316,0.14422734081745148,0.5129500031471252,0.09643938392400742,0.01869339682161808,0.5083932876586914,0.09210805594921112,0.09297936720152696,0.45361175139745075
11_42_r0_d1,Mexico,0.02676919288933277,0.0,0.35099533200263977,0.0718061700463295,0.1455392837524414,0.33897021412849426,0.058941550552845,0.08943111449480057,0.3257046639919281,0.052505637829502426,0.07832346608241399,0.3385567367076874
21_39_r0_d0,Mexico,0.0704965814948082,0.1490388661623001,0.32100343704223633,0.05958714708685875,0.14061856269836426,0.3591155707836151,0.04391884058713913,0.09334751963615417,0.3799022436141968,0.05800085638960203,0.12766831616560617,0.35334041714668274
76_46_r0_d1,Orlando,0.10978075861930847,0.16443674266338348,0.37188249826431274,0.09111284464597702,0.07913022488355637,0.5021750330924988,0.11790870130062103,0.07533381134271622,0.4739064574241638,0.10626743485530217,0.10630025962988536,0.44932132959365845
24_20_r0_d1,Chicago,0.06853037327528,0.20008833706378937,0.3764646351337433,0.06581795960664749,0.13774852454662323,0.37581583857536316,0.07624927908182144,0.15949876606464386,0.4027053713798523,0.0701992039879163,0.16577854255835214,0.3849952816963196
47_11_r1_d0,Orlando,0.14254043996334076,0.14107121527194977,0.43456849455833435,0.13057145476341248,0.09442481398582458,0.4439990222454071,0.18454104661941528,0.24990099668502808,0.4258206784725189,0.15255098044872284,0.1617990086476008,0.4347960650920868
63_31_r0_d1,Orlando,0.3147067725658417,0.4285694658756256,0.22675195336341858,0.34385210275650024,0.5070549845695496,0.21621233224868774,0.3182503283023834,0.38328802585601807,0.2523399293422699,0.32560306787490845,0.43963749210039776,0.23176807165145874
31_41_r0_d0,Stockholm,0.10209529101848602,0.1021418571472168,0.38410505652427673,0.0571790412068367,0.03136127069592476,0.367354154586792,0.0707554966211319,0.0,0.3763970136642456,0.07667660961548488,0.044501042614380516,0.3759520749251048
10_62_r0_d1,Singapore,0.12070532888174057,0.3447115123271942,0.3634147644042969,0.0673220232129097,0.17154347896575928,0.44208723306655884,0.06880038976669312,0.2069423347711563,0.45505455136299133,0.08560924728711446,0.24106577535470328,0.42018551627794903
64_9_r0_d1,Chicago,0.13963408768177032,0.1418367624282837,0.5496722459793091,0.14426003396511078,0.0,0.5932146906852722,0.13770192861557007,0.0,0.5639243721961975,0.1405320167541504,0.047278920809427895,0.5689371029535929
42_11_r0_d0,Stockholm,0.09056740254163742,0.06442181020975113,0.40346115827560425,0.09164000302553177,0.05645899847149849,0.43952739238739014,0.06682382524013519,0.0,0.39637628197669983,0.08301041026910146,0.04029360289374987,0.41312161087989807
73_69_r0_d1,Chicago,0.0188726969063282,0.047431956976652145,0.44303634762763977,0.02780710533261299,0.09862715750932693,0.4576318860054016,0.009549702517688274,0.04711802676320076,0.465114027261734,0.018743168252209823,0.06439238041639328,0.4552607536315918
50_17_r0_d2,Munich,0.28799083828926086,0.3647099435329437,0.4411816895008087,0.2193324863910675,0.10193914920091629,0.4912511706352234,0.20277972519397736,0.1639796793460846,0.5310081243515015,0.23670101662476858,0.21020959069331488,0.48781366149584454
53_25_r1_d0,Kinshasa,0.07231208682060242,0.03646649792790413,0.3533948063850403,0.09792150557041168,0.11772096902132034,0.33690160512924194,0.0816856399178505,0.07295918464660645,0.37660181522369385,0.0839730774362882,0.07571555053194363,0.355632742245992
28_43_r1_d1,HongKong,0.029968878254294395,0.09961970895528793,0.42662912607192993,0.0560833215713501,0.13826732337474823,0.4422403872013092,0.06275059282779694,0.1524782031774521,0.39172086119651794,0.049600930884480476,0.13012174516916275,0.420196791489919
26_38_r1_d0,Kinshasa,0.13472682237625122,0.09683496505022049,0.42800164222717285,0.15679962933063507,0.14753814041614532,0.3921164870262146,0.08713823556900024,0.06726202368736267,0.28358525037765503,0.1262215624252955,0.10387837638457616,0.36790112654368085
34_98_r1_d1,Singapore,0.05893499031662941,0.0,0.4836007356643677,0.06567523628473282,0.12227168679237366,0.47765210270881653,0.061033397912979126,0.0,0.500575065612793,0.06188120817144712,0.04075722893079122,0.48727596799532574
65_70_r0_d0,SaoPaulo,0.05953846499323845,0.1411077231168747,0.33357754349708557,0.06613794714212418,0.15148039162158966,0.3463483452796936,0.05984317883849144,0.1785907745361328,0.33926233649253845,0.061839863657951355,0.15705962975819907,0.3397294084231059
55_24_r0_d0,Orlando,0.2030830681324005,0.24515564739704132,0.2957130968570709,0.2376675307750702,0.31127068400382996,0.3181787431240082,0.26602718234062195,0.3134938180446625,0.37518855929374695,0.23559259374936423,0.28997338314851123,0.329693466424942
30_34_r0_d2,Munich,0.06081874296069145,0.04538555070757866,0.4056752920150757,0.04926569387316704,0.030840015038847923,0.42540937662124634,0.026988601312041283,0.0,0.39920181035995483,0.045691012715299927,0.02540852191547553,0.41009549299875897
52_5_r0_d0,Mexico,0.06071493402123451,0.17539304494857788,0.29744550585746765,0.06696336716413498,0.13249431550502777,0.3224017024040222,0.060757216066122055,0.11203065514564514,0.32863569259643555,0.06281183908383052,0.13997267186641693,0.3161609669526418
57_23_r0_d1,SaoPaulo,0.06355992704629898,0.08717676252126694,0.3865222632884979,0.05613807588815689,0.10600993782281876,0.396492600440979,0.04698043689131737,0.07683026045560837,0.37823686003685,0.055559479941924415,0.09000565359989803,0.38708390792210895
25_31_r0_d1,Kigali,0.09163836389780045,0.07319879531860352,0.3949245810508728,0.10688827186822891,0.12514327466487885,0.41686996817588806,0.09326205402612686,0.09610868245363235,0.33557695150375366,0.0972628965973854,0.09815025081237157,0.3824571669101715
16_23_r0_d1,Singapore,0.07969196140766144,0.1416132003068924,0.5002806782722473,0.11955749243497849,0.24306876957416534,0.3986597955226898,0.08740384876728058,0.1269359141588211,0.49063271284103394,0.0955511008699735,0.17053929467995962,0.46319106221199036
49_74_r0_d1,Chicago,0.10923679172992706,0.18465961515903473,0.336825430393219,0.1251152604818344,0.22466528415679932,0.32868096232414246,0.058322932571172714,0.13054047524929047,0.3423531949520111,0.09755832826097806,0.1799551248550415,0.33595319588979083
103_23_r1_d0,Orlando,0.721066951751709,0.7149787545204163,0.2792787253856659,0.4243285655975342,0.5058133602142334,0.5464363098144531,0.37386709451675415,0.350633829832077,0.6092734336853027,0.5064208706219991,0.5238086481889089,0.47832948962847394
18_63_r0_d0,Kinshasa,0.371361643075943,0.26859065890312195,0.3200753331184387,0.5053183436393738,0.4353688955307007,0.22701013088226318,0.36300620436668396,0.2887641489505768,0.3098069131374359,0.41322873036066693,0.3309079011281331,0.2856307923793793
8_53_r0_d0,SaoPaulo,0.023278042674064636,0.0,0.3573971688747406,0.03168097138404846,0.07105005532503128,0.39059340953826904,0.02917522005736828,0.04231292009353638,0.313541978597641,0.028044744705160458,0.03778765847285589,0.35384418567021686
25_39_r0_d1,Kinshasa,0.13816037774085999,0.10430777817964554,0.4291285276412964,0.16570954024791718,0.15943291783332825,0.3916985094547272,0.08753477782011032,0.06436506658792496,0.27729642391204834,0.13046823193629584,0.10936858753363292,0.3660411536693573
46_20_r2_d1,Kigali,0.3709580600261688,0.22549724578857422,0.3823142349720001,0.37148863077163696,0.21999485790729523,0.3777271509170532,0.3609713017940521,0.2781386971473694,0.37963810563087463,0.3678059975306193,0.24121026694774628,0.379893163839976
91_52_r0_d0,Orlando,0.1428672969341278,0.11204849928617477,0.3434712886810303,0.14460226893424988,0.13008685410022736,0.4648757874965668,0.14488737285137177,0.1382131427526474,0.4486328363418579,0.14411897957324982,0.12678283204634985,0.41899330417315167
31_71_r0_d2,Stockholm,0.15366458892822266,0.317007839679718,0.386563241481781,0.1523876041173935,0.2971096932888031,0.3765336871147156,0.13806915283203125,0.2579539716243744,0.40467002987861633,0.14804044862588248,0.29069050153096515,0.38925565282503766
50_12_r1_d0,Stockholm,0.08505775779485703,0.19095344841480255,0.3144589066505432,0.0590193085372448,0.09431257098913193,0.3790428042411804,0.040290240198373795,0.019814714789390564,0.3751307725906372,0.061455768843491874,0.10169357806444168,0.3562108278274536
61_13_r1_d0,Orlando,0.24239178001880646,0.30857670307159424,0.38251563906669617,0.25114941596984863,0.3098450005054474,0.4218776226043701,0.25411778688430786,0.2930474579334259,0.4495922923088074,0.24921966095765433,0.3038230538368225,0.4179951846599579
52_14_r0_d2,Stockholm,0.1520957499742508,0.20780618488788605,0.3953021168708801,0.11986654996871948,0.04805273190140724,0.49830418825149536,0.10961991548538208,0.06374523043632507,0.4634885787963867,0.12719407180945078,0.10653471574187279,0.4523649613062541
45_29_r0_d1,Munich,0.0681418627500534,0.136379674077034,0.34938526153564453,0.09075458347797394,0.15301384031772614,0.36934301257133484,0.06338962912559509,0.14559678733348846,0.3965887129306793,0.07409535845120747,0.14499676724274954,0.3717723290125529
34_90_r0_d0,Kinshasa,0.21653778851032257,0.0,0.40291130542755127,0.24130545556545258,0.08970960974693298,0.40168076753616333,0.1828736513853073,0.08288923650979996,0.42527681589126587,0.2135722984870275,0.057532948752244316,0.40995629628499347
5_33_r0_d1,Orlando,0.19479942321777344,0.27199575304985046,0.3418770134449005,0.1945812702178955,0.2394738793373108,0.3807033896446228,0.2180313766002655,0.21784329414367676,0.43176087737083435,0.20247069001197815,0.24310430884361267,0.3847804268201192
37_48_r0_d1,Stockholm,0.10832032561302185,0.19458353519439697,0.39361757040023804,0.10250463336706161,0.1729031801223755,0.42403876781463623,0.13718239963054657,0.2947145700454712,0.4155683219432831,0.11600245287021001,0.22073376178741455,0.4110748867193858
29_58_r2_d0,HongKong,0.05171367898583412,0.029069913551211357,0.5378892421722412,0.058595526963472366,0.06982441991567612,0.5192845463752747,0.06246257945895195,0.10907872766256332,0.5770025849342346,0.057590595136086144,0.06932435370981693,0.5447254578272501
62_45_r0_d0,Orlando,0.32346615195274353,0.37945103645324707,0.2898576855659485,0.28909698128700256,0.27445998787879944,0.42061153054237366,0.3173923194408417,0.3352687656879425,0.4180435538291931,0.30998515089352924,0.32972659667332965,0.37617092331250507
62_61_r0_d1,Chicago,0.11842522770166397,0.313346266746521,0.30390751361846924,0.04765567183494568,0.12776170670986176,0.35374099016189575,0.08040106296539307,0.16480112075805664,0.34112608432769775,0.08216065416733424,0.2019696980714798,0.33292486270268756
32_45_r0_d1,Stockholm,0.050926439464092255,0.05187094211578369,0.3955659568309784,0.05846450477838516,0.0,0.433799684047699,0.04118632525205612,0.01667638309299946,0.44951969385147095,0.05019242316484451,0.022849108402927715,0.4262951115767161
55_31_r0_d1,Kinshasa,0.08118126541376114,0.07598794251680374,0.3552354872226715,0.08342143148183823,0.09336458891630173,0.35015273094177246,0.06434103846549988,0.024990754202008247,0.3686586022377014,0.07631457845369975,0.06478109521170457,0.35801560680071515
17_26_r0_d0,Kinshasa,0.11698079109191895,0.08448018878698349,0.3251502215862274,0.12155259400606155,0.11140767484903336,0.31305843591690063,0.09857602417469025,0.05451437830924988,0.24216382205486298,0.11236980309089024,0.08346741398175557,0.293457493185997
21_75_r0_d0,Singapore,0.04736727476119995,0.1494310051202774,0.41836971044540405,0.07475579530000687,0.2008056640625,0.43002980947494507,0.05511193722486496,0.1285305619239807,0.4249938428401947,0.059078335762023926,0.15958907703558603,0.4244644542535146
28_59_r1_d2,Stockholm,0.1991310864686966,0.3929321765899658,0.3083491623401642,0.22780443727970123,0.3885316550731659,0.35307008028030396,0.15614570677280426,0.3334878981113434,0.3617842495441437,0.19436041017373404,0.3716505765914917,0.3410678307215373
19_61_r0_d2,Munich,0.06264350563287735,0.0,0.4730629026889801,0.05770998075604439,0.0,0.48807206749916077,0.05638561025261879,0.03562385216355324,0.5200890898704529,0.05891303221384684,0.01187461738785108,0.49374135335286456
10_64_r1_d1,Singapore,0.08701151609420776,0.19879285991191864,0.40900811553001404,0.04898378625512123,0.12043818831443787,0.3972015082836151,0.07304146885871887,0.2374138981103897,0.3955233693122864,0.06967892373601596,0.18554831544558206,0.4005776643753052
40_72_r0_d0,SaoPaulo,0.02094523049890995,0.0,0.34176239371299744,0.04326088726520538,0.05737004056572914,0.34260302782058716,0.027432139962911606,0.02132396399974823,0.3227289915084839,0.03054608590900898,0.026231334855159123,0.3356981376806895
101_53_r0_d1,Orlando,0.10338950902223587,0.06587030738592148,0.3761243224143982,0.09996005892753601,0.1270480901002884,0.4271754324436188,0.08686643838882446,0.10224144905805588,0.42506012320518494,0.09673866877953212,0.09838661551475525,0.40945329268773395
66_17_r0_d1,Chicago,0.17510460317134857,0.0,0.35892224311828613,0.047392066568136215,0.1372702568769455,0.34255945682525635,0.14982272684574127,0.2703644037246704,0.3417942523956299,0.12410646552840869,0.13587822020053864,0.3477586507797241
17_57_r1_d0,Singapore,0.03149505704641342,0.0,0.4847891628742218,0.049542590975761414,0.09527216106653214,0.4873492419719696,0.0262377317994833,0.04741600528359413,0.46192771196365356,0.03575845994055271,0.047562722116708755,0.478022038936615
25_12_r1_d0,Kigali,0.07223829627037048,0.05728631094098091,0.2641296982765198,0.08528333157300949,0.11183621734380722,0.28469139337539673,0.08691317588090897,0.058247435837984085,0.28174445033073425,0.08147826790809631,0.07578998804092407,0.2768551806608836
44_13_r0_d1,Munich,0.10620035976171494,0.2872386574745178,0.3089621663093567,0.08755289763212204,0.2154020220041275,0.29691165685653687,0.09944180399179459,0.2348625659942627,0.3485114276409149,0.09773168712854385,0.24583441515763602,0.31812841693560284
27_43_r0_d2,Munich,0.07198722660541534,0.17688800394535065,0.3422623574733734,0.08494050055742264,0.16277746856212616,0.3973374366760254,0.06276243180036545,0.11556579917669296,0.399783730506897,0.07323005298773448,0.15174375722805658,0.37979450821876526
41_38_r0_d1,Kinshasa,0.1109403520822525,0.148789644241333,0.2867022752761841,0.12036395072937012,0.1628815084695816,0.25946569442749023,0.09901953488588333,0.12880758941173553,0.28812822699546814,0.11010794589916865,0.1468262473742167,0.2780987322330475
15_41_r0_d0,Munich,0.32461073994636536,0.44964325428009033,0.39780116081237793,0.29084351658821106,0.13119058310985565,0.5239492058753967,0.29690858721733093,0.23576438426971436,0.5175654888153076,0.30412094791730243,0.2721994072198868,0.4797719518343608
39_27_r0_d0,Kigali,0.3002574145793915,0.21254222095012665,0.4180435836315155,0.3114014267921448,0.126046285033226,0.39527755975723267,0.30746349692344666,0.16603557765483856,0.39977532625198364,0.3063741127649943,0.16820802787939707,0.40436548988024396
36_11_r1_d0,Kigali,0.08164980262517929,0.08872846513986588,0.33159035444259644,0.1381320357322693,0.17905323207378387,0.32397356629371643,0.07599270343780518,0.07303334027528763,0.3353079557418823,0.09859151393175125,0.11360501249631245,0.33029062549273175
38_36_r1_d0,Kinshasa,0.06478342413902283,0.05806949734687805,0.3289801776409149,0.07932057976722717,0.09263322502374649,0.4008117914199829,0.06403222680091858,0.07635586708784103,0.38367143273353577,0.0693787435690562,0.0756861964861552,0.3711544672648112
74_66_r0_d0,Orlando,0.1308712661266327,0.018058858811855316,0.47113800048828125,0.13912366330623627,0.0,0.5167021751403809,0.1768076866865158,0.174013152718544,0.512503981590271,0.14893420537312826,0.06402400384346645,0.5001147190729777
43_14_r0_d0,Orlando,0.46011024713516235,0.7916905283927917,0.41343799233436584,0.3507542908191681,0.6348133683204651,0.5183131694793701,0.33955368399620056,0.618041455745697,0.5129725337028503,0.383472740650177,0.681515117486318,0.48157456517219543
17_43_r1_d2,Stockholm,0.0829627588391304,0.12128796428442001,0.41560298204421997,0.08034959435462952,0.15335869789123535,0.4205164909362793,0.08493276685476303,0.15558384358882904,0.4006017744541168,0.08274837334950765,0.14341016858816147,0.4122404158115387
31_51_r0_d1,Chicago,0.036180756986141205,0.036886509507894516,0.46421724557876587,0.06439874321222305,0.0,0.49215999245643616,0.06174736097455025,0.00866316445171833,0.49458205699920654,0.05410895372430483,0.015183224653204283,0.48365309834480286
63_65_r1_d0,Orlando,0.23541194200515747,0.23170238733291626,0.4441491365432739,0.21415233612060547,0.16400393843650818,0.47952955961227417,0.20475773513317108,0.17226047813892365,0.4408506751060486,0.218107337752978,0.18932226796944937,0.45484312375386554
26_41_r1_d1,Kigali,0.26090142130851746,0.18288910388946533,0.4419928193092346,0.26121652126312256,0.11320172995328903,0.42682701349258423,0.2741883397102356,0.14502781629562378,0.4200367331504822,0.26543542742729187,0.14703955004612604,0.42961885531743366
14_27_r0_d1,Kinshasa,0.20209428668022156,0.0,0.42288607358932495,0.22812527418136597,0.03815671429038048,0.4354245662689209,0.1913185864686966,0.10057505965232849,0.43732234835624695,0.20717938244342804,0.046243924647569656,0.43187766273816425
8_25_r0_d0,Mexico,0.09893634915351868,0.18178899586200714,0.2995779812335968,0.09051654487848282,0.09652716666460037,0.3568338453769684,0.0939352735877037,0.14943094551563263,0.32518625259399414,0.09446272253990173,0.1425823693474134,0.3271993597348531
64_17_r0_d0,Orlando,0.193609818816185,0.1528499722480774,0.5115413665771484,0.1611921638250351,0.10838514566421509,0.5702608227729797,0.1648326814174652,0.15884028375148773,0.533659815788269,0.17321155468622842,0.14002513388792673,0.5384873350461324
27_66_r0_d1,SaoPaulo,0.03339188173413277,0.0,0.3881297707557678,0.03032788820564747,0.024845192208886147,0.39728841185569763,0.030219435691833496,0.03445254638791084,0.3664681017398834,0.031313068543871246,0.019765912865598995,0.38396209478378296
81_27_r0_d1,Mexico,0.0584796741604805,0.06345134228467941,0.34987229108810425,0.06559024006128311,0.13283208012580872,0.3103998899459839,0.09850417822599411,0.07466849684715271,0.32226255536079407,0.07419136414925258,0.09031730641921361,0.32751157879829407
86_53_r0_d1,Mexico,0.07306788861751556,0.15452294051647186,0.2880975902080536,0.06622446328401566,0.08154857158660889,0.34565576910972595,0.0817243903875351,0.13052397966384888,0.30826377868652344,0.07367224742968877,0.1221984972556432,0.314005712668101
47_19_r0_d0,Mexico,0.10971944034099579,0.21915602684020996,0.3087351620197296,0.10506986081600189,0.06781729310750961,0.3542858064174652,0.0923207700252533,0.12791727483272552,0.3475848436355591,0.10237002372741699,0.13829686492681503,0.3368686040242513
64_48_r0_d0,Mexico,0.04183582961559296,0.01379837840795517,0.3206750750541687,0.05110189691185951,0.0036698300391435623,0.3212383985519409,0.057756852358579636,0.09441301971673965,0.32646802067756653,0.05023152629534403,0.037293742721279464,0.32279383142789203
40_31_r1_d2,Stockholm,0.06696484237909317,0.061744559556245804,0.35668885707855225,0.05846652388572693,0.04906285181641579,0.39903029799461365,0.07259126007556915,0.05072528123855591,0.3963748514652252,0.06600754211346309,0.05384423087040583,0.38403133551279706
10_23_r1_d0,Munich,0.2051222175359726,0.20846445858478546,0.45987898111343384,0.1283448338508606,0.08582458645105362,0.553342342376709,0.08835259079933167,0.0,0.5343406796455383,0.14060654739538828,0.0980963483452797,0.515854001045227
22_41_r0_d1,Kinshasa,0.0998387485742569,0.09152906388044357,0.24889478087425232,0.10105571895837784,0.06727137416601181,0.24563491344451904,0.10837633907794952,0.05289219692349434,0.24384281039237976,0.10309026887019475,0.0705642116566499,0.24612416823705038
22_50_r1_d1,Stockholm,0.2353626936674118,0.1297418624162674,0.47830721735954285,0.1818760633468628,0.0,0.5376271605491638,0.22436247766017914,0.09510312229394913,0.5405169129371643,0.2138670782248179,0.07494832823673885,0.5188170969486237
6_22_r0_d1,Kigali,0.19499757885932922,0.11189383268356323,0.4303476810455322,0.21461020410060883,0.12979650497436523,0.4074059724807739,0.18521970510482788,0.10238150507211685,0.39708179235458374,0.19827582935492197,0.11469061424334843,0.41161181529362995
43_24_r0_d0,Stockholm,0.10198189318180084,0.10354283452033997,0.3480682075023651,0.09345050156116486,0.0,0.42302271723747253,0.07442241162061691,0.03199369087815285,0.41880670189857483,0.0899516021211942,0.045178841799497604,0.39663254221280414
21_15_r0_d1,Kigali,0.07564383745193481,0.0500112883746624,0.3919646143913269,0.08834168314933777,0.09248963743448257,0.3573918044567108,0.0969601571559906,0.08737572282552719,0.3718854784965515,0.0869818925857544,0.07662554954489072,0.3737472991148631
19_26_r1_d1,Kigali,0.10054118186235428,0.14029483497142792,0.3279421329498291,0.11556786298751831,0.21450628340244293,0.33914440870285034,0.06689772009849548,0.09600194543600082,0.35752132534980774,0.0943355883161227,0.1502676879366239,0.3415359556674957
53_71_r0_d0,SaoPaulo,0.02345701865851879,0.022324426099658012,0.3828345537185669,0.03671790286898613,0.04226670041680336,0.40262851119041443,0.02162252552807331,0.045791443437337875,0.33847999572753906,0.027265815685192745,0.03679418998459975,0.37464768687884015
94_46_r0_d1,Orlando,0.7984598278999329,0.8166636824607849,0.13373468816280365,0.527649462223053,0.6853073239326477,0.3726385831832886,0.5113808512687683,0.7116764187812805,0.39176145195961,0.6124967137972513,0.7378824750582377,0.29937824110190075
29_75_r1_d1,Singapore,0.030785320326685905,0.06247474625706673,0.43372106552124023,0.023778552189469337,0.04519927501678467,0.4431104063987732,0.005917345639318228,0.0,0.4379424750804901,0.02016040605182449,0.035891340424617134,0.43825798233350116
11_73_r0_d0,Mexico,0.02803897298872471,0.06502560526132584,0.3438044488430023,0.06805022805929184,0.12148737907409668,0.34071269631385803,0.05953865870833397,0.08079450577497482,0.3429306745529175,0.05187595325211684,0.08910249670346577,0.34248260656992596
40_12_r0_d2,Stockholm,0.14476828277111053,0.12113354355096817,0.46704405546188354,0.14611777663230896,0.0,0.47476842999458313,0.1818753182888031,0.16140390932559967,0.42899835109710693,0.15758712589740753,0.09417915095885594,0.45693694551785785
48_21_r1_d0,Orlando,0.29115554690361023,0.2792756259441376,0.46272316575050354,0.2379712015390396,0.24118898808956146,0.45582762360572815,0.29621633887290955,0.35928380489349365,0.5013408064842224,0.2751143624385198,0.2932494729757309,0.4732971986134847
20_26_r1_d0,Singapore,0.04712825268507004,0.09579571336507797,0.4485088586807251,0.06942789256572723,0.11427772045135498,0.4693659245967865,0.056826401501894,0.1009473204612732,0.5025250315666199,0.05779418225089709,0.10367358475923538,0.4734666049480438
52_17_r1_d1,Munich,0.2234886884689331,0.19941575825214386,0.4503886103630066,0.17534193396568298,0.17580004036426544,0.45508575439453125,0.11915287375450134,0.0,0.4870741069316864,0.17266116539637247,0.12507193287213644,0.4641828238964081
34_48_r0_d0,SaoPaulo,0.05523732304573059,0.03491099551320076,0.43652331829071045,0.053332582116127014,0.013328451663255692,0.44558918476104736,0.06268943846225739,0.11016643792390823,0.3727357089519501,0.057086447874704994,0.05280196170012156,0.4182827373345693
19_43_r0_d0,Singapore,0.05493248999118805,0.07126586884260178,0.4743380546569824,0.07251973450183868,0.10840766876935959,0.44632846117019653,0.044115349650382996,0.0,0.505693793296814,0.057189191381136574,0.05989117920398712,0.4754534363746643
60_39_r1_d1,Kinshasa,0.19662730395793915,0.47330915927886963,0.2698943316936493,0.19413027167320251,0.5426059365272522,0.2383054494857788,0.18091733753681183,0.5002544522285461,0.2740139663219452,0.19055830438931784,0.5053898493448893,0.2607379158337911
13_40_r0_d0,Munich,0.25294411182403564,0.24054746329784393,0.49224191904067993,0.2289971113204956,0.13449402153491974,0.5212975144386292,0.17440183460712433,0.16111275553703308,0.5768597722053528,0.21878101925055185,0.1787180801232656,0.530133068561554
82_65_r1_d0,Orlando,0.3370239734649658,0.4243873357772827,0.3997899889945984,0.22229896485805511,0.11684644222259521,0.6441035866737366,0.24095861613750458,0.1218169629573822,0.6373565196990967,0.2667605181535085,0.22101691365242004,0.5604166984558105
60_37_r1_d1,Kinshasa,0.2241727113723755,0.067319855093956,0.3889583945274353,0.21148379147052765,0.10092848539352417,0.4007399380207062,0.2206975221633911,0.17425064742565155,0.43041789531707764,0.21878467500209808,0.11416632930437724,0.40670540928840637
17_8_r1_d0,Singapore,0.06381059437990189,0.10967206209897995,0.4440114498138428,0.08148574829101562,0.2238149493932724,0.43844640254974365,0.0628717839717865,0.08561912178993225,0.41355183720588684,0.06938937554756801,0.13970204442739487,0.4320032298564911
57_74_r0_d0,Chicago,0.07118253409862518,0.2295048087835312,0.34777846932411194,0.06371000409126282,0.14551767706871033,0.49989280104637146,0.07674148678779602,0.1680951863527298,0.49822163581848145,0.07054467499256134,0.18103922406832376,0.44863096872965497
53_39_r0_d0,Mexico,0.09607041627168655,0.18815143406391144,0.31643354892730713,0.07559443265199661,0.15484580397605896,0.35754257440567017,0.07777894288301468,0.13699965178966522,0.34811142086982727,0.08314793060223262,0.1599989632765452,0.3406958480676015
58_44_r0_d0,Mexico,0.15023596584796906,0.29758939146995544,0.25977176427841187,0.1034497395157814,0.2306196540594101,0.2577463984489441,0.0898556113243103,0.19654077291488647,0.27831774950027466,0.11451377222935359,0.24158327281475067,0.2652786374092102
33_49_r0_d1,Munich,0.2800953686237335,0.3073105812072754,0.5216026306152344,0.25141432881355286,0.10210777074098587,0.5184756517410278,0.2813245952129364,0.21213166415691376,0.5471924543380737,0.2709447642167409,0.207183338701725,0.5290902455647787
33_50_r1_d1,Kinshasa,0.1897059977054596,0.18032978475093842,0.31045305728912354,0.2125072479248047,0.20907874405384064,0.30411988496780396,0.1632106453180313,0.13440322875976562,0.2987655997276306,0.18847463031609854,0.17460391918818155,0.30444618066151935
13_21_r0_d1,Mexico,0.10599713772535324,0.2538640797138214,0.3436548113822937,0.08236854523420334,0.2173074632883072,0.3713521957397461,0.07102185487747192,0.19927459955215454,0.3718232214450836,0.08646251261234283,0.2234820475180944,0.3622767428557078
28_55_r0_d1,HongKong,0.12347666174173355,0.08226389437913895,0.5376824736595154,0.12183120846748352,0.05704469978809357,0.6193098425865173,0.12848545610904694,0.019664661958813667,0.5950914621353149,0.12459777543942134,0.052991085375348725,0.5840279261271158
29_68_r0_d0,Chicago,0.05953771993517876,0.195939838886261,0.34641891717910767,0.030889835208654404,0.06555531919002533,0.4533476233482361,0.058793917298316956,0.1679878979921341,0.43139728903770447,0.04974049081405004,0.14316101868947348,0.4103879431883494
15_47_r0_d1,Chicago,0.27269163727760315,0.39440786838531494,0.3854029178619385,0.20121243596076965,0.36605188250541687,0.41083401441574097,0.12107387185096741,0.2274135798215866,0.37849006056785583,0.19832598169644675,0.32929111023743945,0.3915756642818451
41_13_r0_d0,Chicago,0.2607264220714569,0.511157214641571,0.27260610461235046,0.34542253613471985,0.5921042561531067,0.27882319688796997,0.29347237944602966,0.5739908218383789,0.2829594910144806,0.29987377921740216,0.5590840975443522,0.27812959750493366
41_54_r1_d2,Stockholm,0.12268655747175217,0.10826637595891953,0.38980385661125183,0.07418393343687057,0.043000299483537674,0.4007369875907898,0.07740847021341324,0.057759325951337814,0.409756064414978,0.091426320374012,0.06967533379793167,0.40009896953900653
40_86_r0_d1,Singapore,0.14538374543190002,0.0955466628074646,0.33762186765670776,0.17765399813652039,0.3121642768383026,0.36752572655677795,0.12718190252780914,0.0,0.3940151333808899,0.15007321536540985,0.13590364654858908,0.36638757586479187
16_45_r2_d2,HongKong,0.04043525829911232,0.0,0.4648708999156952,0.031984325498342514,0.0,0.5069966912269592,0.031504519283771515,0.009392649866640568,0.5423039197921753,0.03464136769374212,0.0031308832888801894,0.5047238369782766
22_42_r1_d0,Kigali,0.10537777841091156,0.03610089793801308,0.4281243085861206,0.14737530052661896,0.10783454030752182,0.4416046738624573,0.1144457459449768,0.04987221956253052,0.3858602046966553,0.12239960829416911,0.06460255260268848,0.41852972904841107
23_17_r0_d0,Kigali,0.12836682796478271,0.05438891053199768,0.41449859738349915,0.15997706353664398,0.14174576103687286,0.40299075841903687,0.1250598430633545,0.07797828316688538,0.36348921060562134,0.13780124485492706,0.09137098491191864,0.39365952213605243
40_76_r0_d1,Mexico,0.2840445339679718,0.175730898976326,0.43819472193717957,0.25948405265808105,0.18699754774570465,0.4728064239025116,0.2541698217391968,0.16852617263793945,0.4614834785461426,0.2658994694550832,0.17708487311999002,0.4574948747952779
12_58_r1_d0,Kinshasa,0.22099293768405914,0.102561354637146,0.4282532334327698,0.2166064977645874,0.1793302744626999,0.4035818576812744,0.11284027248620987,0.06301210075616837,0.27117642760276794,0.18347990264495215,0.11496790995200475,0.3676705062389374
58_28_r0_d2,Stockholm,0.36666521430015564,0.6539849638938904,0.37207430601119995,0.29667285084724426,0.48318684101104736,0.47595828771591187,0.3841068148612976,0.5997664332389832,0.34525689482688904,0.3491482933362325,0.5789794127146403,0.3977631628513336
38_13_r0_d0,SaoPaulo,0.045875221490859985,0.03991304710507393,0.42749881744384766,0.05640917271375656,0.1114126667380333,0.43081918358802795,0.035624947398900986,0.018000079318881035,0.41932153701782227,0.045969780534505844,0.056441931053996086,0.425879846016566
5_30_r0_d0,Kigali,0.3013859987258911,0.21458469331264496,0.4173756241798401,0.3144257664680481,0.13126105070114136,0.40079933404922485,0.31041303277015686,0.16996414959430695,0.3940555155277252,0.30874159932136536,0.17193663120269775,0.40407682458559674
80_19_r0_d0,Mexico,0.04050318896770477,0.006018609274178743,0.3695603907108307,0.06338207423686981,0.055111125111579895,0.3669453561306,0.041663698852062225,0.033623356372117996,0.3434491753578186,0.0485163206855456,0.031584363585958876,0.35998497406641644
28_72_r0_d0,Kinshasa,0.19175377488136292,0.12022092193365097,0.41574573516845703,0.18672393262386322,0.16482485830783844,0.41524484753608704,0.09127810597419739,0.041731227189302444,0.2455972135066986,0.15658527115980783,0.10892566914359729,0.3588625987370809
55_12_r0_d0,Chicago,0.08747458457946777,0.16096599400043488,0.3891716003417969,0.07781756669282913,0.12089014053344727,0.37301120162010193,0.09905339777469635,0.0,0.3923192024230957,0.08811518301566441,0.09395204484462738,0.38483400146166485
37_71_r0_d0,Mexico,0.07489965111017227,0.0,0.4069458544254303,0.17915266752243042,0.23482312262058258,0.4506034553050995,0.0647563561797142,0.0,0.4915364980697632,0.1062695582707723,0.07827437420686086,0.44969526926676434
29_51_r0_d0,SaoPaulo,0.04870513454079628,0.0,0.3849693834781647,0.02971867471933365,0.005669341888278723,0.3602428436279297,0.017240876331925392,0.00502242473885417,0.3990740180015564,0.031888228530685105,0.0035639222090442977,0.3814287483692169
13_21_r0_d0,Singapore,0.10197044909000397,0.14302842319011688,0.4929395616054535,0.10215957462787628,0.09468451887369156,0.5166138410568237,0.07656916230916977,0.06075012683868408,0.5406232476234436,0.09356639534235,0.09948768963416417,0.5167255500952402
43_21_r0_d2,Stockholm,0.0729748085141182,0.020527340471744537,0.36744052171707153,0.07571148127317429,0.0,0.4136657416820526,0.05733165517449379,0.0,0.41177934408187866,0.06867264832059543,0.0068424468239148455,0.3976285358270009
38_22_r0_d1,SaoPaulo,0.016515010967850685,0.0,0.37219709157943726,0.031040029600262642,0.02891223132610321,0.3849942982196808,0.03614051267504692,0.0892418846487999,0.31842106580734253,0.02789851774772008,0.039384705324967705,0.3585374852021535
61_53_r1_d0,Orlando,0.10961847752332687,0.16469056904315948,0.38614335656166077,0.07530611753463745,0.0373007170855999,0.46562278270721436,0.0792739987373352,0.03317062556743622,0.4387608468532562,0.08806619793176651,0.07838730389873187,0.43017566204071045
24_36_r1_d2,HongKong,0.0426853783428669,0.14150312542915344,0.3828885853290558,0.03939919173717499,0.16593992710113525,0.37790948152542114,0.0318172350525856,0.09948740154504776,0.4059379994869232,0.037967268377542496,0.1356434846917788,0.38891202211380005
53_53_r0_d1,Chicago,0.1022314801812172,0.2833901345729828,0.3177012503147125,0.05576622858643532,0.06663104146718979,0.4571840465068817,0.07116268575191498,0.09109828621149063,0.46408623456954956,0.07638679817318916,0.1470398207505544,0.4129905104637146
43_51_r0_d1,Kinshasa,0.3406427204608917,0.1810995191335678,0.3358539044857025,0.30069249868392944,0.16903841495513916,0.36023181676864624,0.31439605355262756,0.24271132051944733,0.3304286003112793,0.3185770908991496,0.1976164182027181,0.34217144052187604
82_20_r0_d1,Orlando,0.18430593609809875,0.16786618530750275,0.5151256918907166,0.14010365307331085,0.0,0.5480451583862305,0.13862907886505127,0.12882405519485474,0.5852847099304199,0.15434622267882028,0.09889674683411916,0.5494851867357889
25_30_r0_d1,SaoPaulo,0.02826445735991001,0.031529996544122696,0.37734851241111755,0.018700342625379562,0.017286205664277077,0.38130927085876465,0.020488601177930832,0.04520559683442116,0.3734591603279114,0.022484467054406803,0.03134059968094031,0.37737231453259784
28_60_r1_d0,Kinshasa,0.08460111916065216,0.07778062671422958,0.2877492904663086,0.09353030472993851,0.07825642079114914,0.31670719385147095,0.07414291054010391,0.07347282767295837,0.3242585062980652,0.08409144481023152,0.07650329172611237,0.3095716635386149
9_46_r0_d1,SaoPaulo,0.05676613375544548,0.031155457720160484,0.40046918392181396,0.03577279672026634,0.009632173925638199,0.4023929238319397,0.0456865094602108,0.038765136152505875,0.4321111738681793,0.04607514664530754,0.02651758926610152,0.41165776054064435
53_8_r0_d1,Chicago,0.09491956979036331,0.08842996507883072,0.5418639779090881,0.08576656877994537,0.011624202132225037,0.5662121176719666,0.06884350627660751,0.0,0.5427358150482178,0.0831765482823054,0.03335138907035192,0.5502706368764242
15_52_r0_d1,Mexico,0.03650655224919319,0.047833602875471115,0.3564666509628296,0.025562776252627373,0.03246176615357399,0.4155254364013672,0.03303767368197441,0.03582640364766121,0.43355733156204224,0.03170233406126499,0.03870725755890211,0.40184980630874634
39_87_r0_d1,Singapore,0.07777319103479385,0.0,0.5346598625183105,0.08849455416202545,0.0767303854227066,0.4707678258419037,0.08915180712938309,0.0,0.5361759662628174,0.0851398507754008,0.025576795140902202,0.5138678848743439
75_54_r0_d1,Orlando,0.15680120885372162,0.14845114946365356,0.42823922634124756,0.1523342877626419,0.16194014251232147,0.497585266828537,0.16718071699142456,0.19023291766643524,0.5008187294006348,0.15877207120259604,0.1668747365474701,0.47554774085680646
29_46_r1_d0,Kinshasa,0.07584764063358307,0.04239891096949577,0.3035072088241577,0.08870961517095566,0.08426568657159805,0.27594608068466187,0.07937975227832794,0.06260927766561508,0.293072909116745,0.08131233602762222,0.06309129173556964,0.29084206620852154
12_36_r1_d2,HongKong,0.09489661455154419,0.16202068328857422,0.5011498332023621,0.07047636061906815,0.12672172486782074,0.5182714462280273,0.07485146820545197,0.1600433737039566,0.5245058536529541,0.0800748144586881,0.1495952606201172,0.5146423776944479
16_18_r0_d1,Munich,0.0669248178601265,0.1163446381688118,0.3461819887161255,0.07080055773258209,0.15654683113098145,0.3447524309158325,0.05545448884367943,0.07498855143785477,0.3168589472770691,0.06439328814546268,0.11596000691254933,0.33593112230300903
33_16_r0_d0,HongKong,0.0910525694489479,0.055448491126298904,0.4709967076778412,0.07924529165029526,0.0586809404194355,0.5625981688499451,0.06879398971796036,0.0,0.5339463949203491,0.07969728360573451,0.03804314384857813,0.5225137571493784
30_76_r0_d1,Singapore,0.0514981783926487,0.10748544335365295,0.4636618494987488,0.055160898715257645,0.13608293235301971,0.46204444766044617,0.046841736882925034,0.10282909125089645,0.4732648730278015,0.051166937996943794,0.11546582231918971,0.46632372339566547
60_34_r1_d0,Kinshasa,0.22467918694019318,0.19604481756687164,0.6104769110679626,0.2429971694946289,0.31611406803131104,0.5385312438011169,0.0946609228849411,0.11531098932027817,0.6061697006225586,0.1874457597732544,0.20915662497282028,0.5850592851638794
14_31_r2_d0,HongKong,0.068794846534729,0.18238848447799683,0.371371328830719,0.046675462275743484,0.0866788849234581,0.4029359817504883,0.058026496320962906,0.1398589164018631,0.37574896216392517,0.057832268377145134,0.13630876193443933,0.38335209091504413
28_37_r0_d0,Singapore,0.06002083048224449,0.1666015088558197,0.38817840814590454,0.0639234185218811,0.13069263100624084,0.41217041015625,0.0503721684217453,0.13904453814029694,0.3981037735939026,0.0581054724752903,0.14544622600078583,0.39948419729868573
13_48_r0_d0,Kigali,0.17253191769123077,0.05730890855193138,0.43807992339134216,0.20965653657913208,0.1574985831975937,0.4172874093055725,0.18340526521205902,0.11003877967596054,0.39136984944343567,0.18853123982747397,0.10828209047516187,0.41557906071345013
28_18_r1_d2,Kigali,0.07202260196208954,0.014484443701803684,0.3336566984653473,0.07530394196510315,0.08039294928312302,0.36016127467155457,0.0572052001953125,0.015574060380458832,0.36730965971946716,0.06817724804083507,0.03681715112179518,0.353709210952123
45_42_r0_d1,Kinshasa,0.08661416172981262,0.0,0.3599206209182739,0.1101650819182396,0.12811480462551117,0.3846220374107361,0.06910016387701035,0.08942236751317978,0.44547268748283386,0.08862646917502086,0.07251239071289699,0.3966717819372813
41_67_r0_d1,SaoPaulo,0.045942824333906174,0.014227598905563354,0.3969133496284485,0.035697080194950104,0.03048098087310791,0.40793144702911377,0.03209306672215462,0.03396913781762123,0.37754425406455994,0.03791099041700363,0.026225905865430832,0.3941296835740407
30_38_r1_d0,Singapore,0.31894734501838684,0.16593427956104279,0.5199112296104431,0.1846744418144226,0.0,0.43204444646835327,0.25533992052078247,0.0,0.5649843215942383,0.25298723578453064,0.055311426520347595,0.5056466658910116
14_42_r0_d2,Munich,0.32192936539649963,0.39937344193458557,0.4038602411746979,0.24065129458904266,0.2276785969734192,0.5191945433616638,0.24152499437332153,0.21883468329906464,0.5664045810699463,0.2680352181196213,0.2819622407356898,0.49648645520210266
20_38_r1_d0,Stockholm,0.0665372982621193,0.0742604061961174,0.3712090849876404,0.08660575747489929,0.16018496453762054,0.3795378506183624,0.07643190026283264,0.10700169205665588,0.3834122121334076,0.07652498533328374,0.11381568759679794,0.37805304924647015
67_36_r0_d0,Orlando,0.09165935218334198,0.17049407958984375,0.37247705459594727,0.0879000723361969,0.11808974295854568,0.5406277179718018,0.07860437780618668,0.052982646971940994,0.5304068922996521,0.08605460077524185,0.11385548984011014,0.48117055495580036
61_52_r0_d1,Mexico,0.03917107731103897,0.0,0.3091190457344055,0.026277950033545494,0.0,0.3504762649536133,0.03535626083612442,0.046654123812913895,0.3372300863265991,0.03360176272690296,0.015551374604304632,0.332275132338206
8_48_r0_d1,Chicago,0.0358436219394207,0.008209172636270523,0.39835163950920105,0.018217312172055244,0.0,0.41228023171424866,0.029815690591931343,0.0,0.40953096747398376,0.02795887490113576,0.002736390878756841,0.40672094623247784
65_67_r0_d1,Chicago,0.058807190507650375,0.13229943811893463,0.362592875957489,0.07224825024604797,0.1413864642381668,0.43859168887138367,0.08916886895895004,0.09251479059457779,0.416181743144989,0.07340810323754947,0.12206689765055974,0.40578876932462055
4_36_r0_d1,SaoPaulo,0.01840580813586712,0.06376451253890991,0.4097674489021301,0.05313935503363609,0.14457784593105316,0.3792281150817871,0.01095216628164053,0.030009865760803223,0.3944600224494934,0.027499109817047913,0.07945074141025543,0.39448519547780353
10_38_r2_d1,HongKong,0.044475238770246506,0.07477313280105591,0.44562390446662903,0.03698298707604408,0.0071588060818612576,0.48199906945228577,0.04391839727759361,0.046388015151023865,0.4444199204444885,0.0417922077079614,0.04277331801131368,0.4573476314544678
65_34_r0_d0,Chicago,0.008427530527114868,0.0,0.3884321451187134,0.003667970886453986,0.0,0.34819933772087097,0.05398324877023697,0.1237454041838646,0.4005005359649658,0.02202625006126861,0.0412484680612882,0.3790440062681834
37_18_r1_d0,HongKong,0.11527197808027267,0.44555044174194336,0.26967352628707886,0.13072101771831512,0.4846777021884918,0.23530907928943634,0.1344354897737503,0.46922609210014343,0.31547820568084717,0.12680949519077936,0.4664847453435262,0.2734869370857875
38_12_r0_d0,Mexico,0.04712139815092087,0.05521601438522339,0.4614739716053009,0.08974805474281311,0.24139292538166046,0.3828966021537781,0.04499566927552223,0.1069735661149025,0.4390370845794678,0.06062170738975207,0.13452750196059546,0.42780255277951557
31_94_r0_d0,Singapore,0.05360421538352966,0.13190960884094238,0.3777437210083008,0.10387764126062393,0.2518129050731659,0.39908307790756226,0.061180803924798965,0.1429414600133896,0.43326592445373535,0.07288755352298419,0.1755546579758326,0.40336424112319946
14_44_r1_d0,Orlando,0.34906429052352905,0.4870491027832031,0.25709694623947144,0.3115698993206024,0.47818684577941895,0.3139478862285614,0.3035518229007721,0.4235088527202606,0.3351217210292816,0.3213953375816345,0.4629149337609609,0.30205551783243817
25_27_r0_d0,Munich,0.07203018665313721,0.19357508420944214,0.43505191802978516,0.060252293944358826,0.1174388900399208,0.41488680243492126,0.05310148000717163,0.14095674455165863,0.4619080424308777,0.06179465353488922,0.1506569062670072,0.437282254298528
31_32_r1_d1,HongKong,0.12239035964012146,0.2476804107427597,0.49910464882850647,0.15859155356884003,0.21057583391666412,0.5286548137664795,0.1279042512178421,0.1817736029624939,0.5073222517967224,0.13629538814226785,0.21334328254063925,0.5116939047972361
14_75_r0_d0,Chicago,0.06034434586763382,0.10787598043680191,0.4267008900642395,0.057288382202386856,0.0,0.48887899518013,0.06078450754284859,0.046782176941633224,0.4793758988380432,0.05947241187095642,0.05155271912614504,0.46498526136080426
40_75_r1_d1,Singapore,0.10063193738460541,0.1102684810757637,0.401774138212204,0.07846326380968094,0.15957416594028473,0.441472589969635,0.05440101400017738,0.10159339755773544,0.45830124616622925,0.07783207173148791,0.12381201485792796,0.4338493247826894
62_14_r0_d0,Mexico,0.06137640401721001,0.0906360074877739,0.35396987199783325,0.047167643904685974,0.055718522518873215,0.3856360912322998,0.05399780347943306,0.0,0.3832227885723114,0.054180617133776345,0.048784843335549034,0.3742762506008148
29_5_r0_d0,SaoPaulo,0.04116356372833252,0.03576269373297691,0.43028536438941956,0.04670489951968193,0.10925170034170151,0.4279481768608093,0.04107937589287758,0.06082421913743019,0.43445107340812683,0.04298261304696401,0.06861287107070287,0.4308948715527852
21_59_r0_d1,Mexico,0.15098008513450623,0.0429002046585083,0.42829763889312744,0.09694395959377289,0.03451274707913399,0.5554407835006714,0.1035662516951561,0.12849953770637512,0.5254514813423157,0.11716343214114507,0.06863749648133914,0.5030633012453715
30_41_r0_d2,HongKong,0.05902509763836861,0.16840636730194092,0.4175722002983093,0.05812526121735573,0.10068012028932571,0.4362473487854004,0.03516247868537903,0.07832912355661392,0.4444982707500458,0.050770945847034454,0.11580520371596019,0.43277260661125183
42_21_r1_d0,HongKong,0.21702246367931366,0.17312175035476685,0.5206736922264099,0.28263846039772034,0.31890228390693665,0.4110351800918579,0.25488021969795227,0.2785399258136749,0.47469770908355713,0.2515137145916621,0.2568546533584595,0.46880219380060834
7_17_r0_d1,SaoPaulo,0.02543351799249649,0.021030398085713387,0.33060628175735474,0.023057442158460617,0.010562200099229813,0.32055798172950745,0.021360745653510094,0.0,0.31874972581863403,0.0232839019348224,0.010530866061647734,0.3233046631018321
15_9_r1_d1,Kinshasa,0.5842260718345642,0.3156985938549042,0.39274799823760986,0.5206499695777893,0.3830239772796631,0.42003291845321655,0.4286143481731415,0.29329800605773926,0.41339191794395447,0.511163463195165,0.33067352573076886,0.40872427821159363
34_23_r0_d1,Kigali,0.1327730268239975,0.08454213291406631,0.37173691391944885,0.19177162647247314,0.21796251833438873,0.32969361543655396,0.16193000972270966,0.1652548760175705,0.3431483507156372,0.16215822100639343,0.15591984242200851,0.34819296002388
39_48_r1_d1,Stockholm,0.23696613311767578,0.5869144797325134,0.35648176074028015,0.15633666515350342,0.26358625292778015,0.565595805644989,0.18743711709976196,0.43761196732521057,0.4774712920188904,0.19357997179031372,0.42937089999516803,0.46651628613471985
44_13_r0_d1,Chicago,0.07240522652864456,0.10309851914644241,0.35541898012161255,0.07527656853199005,0.09396311640739441,0.41628384590148926,0.0813431590795517,0.0,0.4464549422264099,0.0763416513800621,0.06568721185127895,0.4060525894165039
11_37_r0_d0,HongKong,0.133210226893425,0.20513765513896942,0.424797385931015,0.1698276698589325,0.20643873512744904,0.4373644292354584,0.15402501821517944,0.276332825422287,0.44216227531433105,0.15235430498917898,0.22930307189623514,0.4347746968269348
32_31_r1_d2,Stockholm,0.2198391556739807,0.29248273372650146,0.40382179617881775,0.15849578380584717,0.21820421516895294,0.3962830603122711,0.16301269829273224,0.13867591321468353,0.419217973947525,0.18044921259085336,0.216454287370046,0.40644094347953796
56_28_r0_d1,Chicago,0.1046886071562767,0.035724759101867676,0.5328406095504761,0.06503760069608688,0.0,0.5426783561706543,0.12241172790527344,0.01616712287068367,0.5062047839164734,0.09737931191921234,0.01729729399085045,0.5272412498792013
43_3_r0_d0,SaoPaulo,0.09678852558135986,0.09314578771591187,0.47594332695007324,0.06178867071866989,0.0936436876654625,0.47017258405685425,0.10554751753807068,0.04561387374997139,0.48577725887298584,0.0880415712793668,0.07746778304378192,0.47729772329330444
34_45_r0_d0,Chicago,0.07138931006193161,0.0,0.45753028988838196,0.1498005986213684,0.20378224551677704,0.421813428401947,0.09502869099378586,0.08091380447149277,0.454429566860199,0.10540619989236195,0.09489868332942326,0.44459109505017597
21_39_r0_d0,SaoPaulo,0.016755156219005585,0.017954980954527855,0.34201881289482117,0.0388813391327858,0.10077563673257828,0.34488359093666077,0.024828216060996056,0.049164995551109314,0.3247223198413849,0.026821570470929146,0.05596520441273848,0.33720824122428894
43_51_r0_d1,Stockholm,0.3045905530452728,0.3155946433544159,0.3620692193508148,0.2529751658439636,0.23825252056121826,0.4080048203468323,0.2822688817977905,0.2974599599838257,0.3709237575531006,0.27994486689567566,0.28376904129981995,0.3803325990835826
69_6_r0_d1,Chicago,0.10722003132104874,0.1735035628080368,0.42438188195228577,0.04151689633727074,0.0,0.5193021893501282,0.02435498684644699,0.0,0.5099501609802246,0.05769730483492216,0.05783452093601227,0.48454474409421283
41_53_r0_d0,SaoPaulo,0.03551765903830528,0.031015479937195778,0.33466634154319763,0.01810254529118538,0.0,0.3250490725040436,0.027821969240903854,0.03326656296849251,0.3389280140399933,0.027147391190131504,0.021427347635229427,0.3328811426957448
52_43_r0_d0,Chicago,0.045064616948366165,0.029086099937558174,0.36218005418777466,0.031775448471307755,0.027128225192427635,0.39934462308883667,0.018410971388220787,0.0,0.39535874128341675,0.03175034560263157,0.018738108376661938,0.385627806186676
11_50_r0_d1,Stockholm,0.06746281683444977,0.0,0.3865639567375183,0.06363575160503387,0.022119561210274696,0.38669049739837646,0.061910033226013184,0.0,0.4000435769557953,0.0643362005551656,0.007373187070091565,0.39109934369723004
27_23_r1_d1,Kigali,0.11057374626398087,0.10962022095918655,0.31564417481422424,0.09712357819080353,0.07201362401247025,0.34318774938583374,0.09886496514081955,0.07374566048383713,0.31319645047187805,0.10218742986520131,0.08512650181849797,0.3240094582239787
56_18_r0_d0,Mexico,0.02426888421177864,0.0,0.32386913895606995,0.03038439154624939,0.0,0.324871301651001,0.034986577928066254,0.052188653498888016,0.3227396607398987,0.029879951228698094,0.017396217832962673,0.32382670044898987
40_21_r0_d0,Kinshasa,0.10000097751617432,0.11374372243881226,0.2559297978878021,0.10009538382291794,0.1149231418967247,0.23276320099830627,0.09970523416996002,0.11038262397050858,0.2467590868473053,0.0999338651696841,0.11301649610201518,0.24515069524447122
8_29_r0_d0,SaoPaulo,0.03299158439040184,0.08852007985115051,0.3930718004703522,0.03596432879567146,0.05306791141629219,0.3868635594844818,0.02288180962204933,0.011697615496814251,0.323507696390152,0.03061257426937421,0.051095202254752316,0.3678143521149953
45_12_r0_d1,Orlando,0.2689856290817261,0.17976923286914825,0.311365008354187,0.24780850112438202,0.1203942596912384,0.32352593541145325,0.2689698338508606,0.2075018435716629,0.336530476808548,0.2619213213523229,0.1692217787106832,0.32380714019139606
5_43_r0_d1,Chicago,0.03364068269729614,0.039281122386455536,0.3886447548866272,0.023486101999878883,0.0,0.3984481394290924,0.03012958914041519,0.0,0.42142048478126526,0.029085457945863407,0.013093707462151846,0.4028377930323283
39_28_r0_d0,Kinshasa,0.07052882015705109,0.046743299812078476,0.3491225242614746,0.08616301417350769,0.08912285417318344,0.36775681376457214,0.08820202946662903,0.11268198490142822,0.35913366079330444,0.08163128793239594,0.08284937962889671,0.3586709996064504
57_37_r0_d1,Mexico,0.04269396886229515,0.01846456713974476,0.446507066488266,0.056453634053468704,0.11018063873052597,0.4115310609340668,0.03369435295462608,0.04957382008433342,0.49595803022384644,0.044280651956796646,0.05940634198486805,0.4513320525487264
15_41_r0_d1,Stockholm,0.0954829528927803,0.06849459558725357,0.3718019723892212,0.08416139334440231,0.0867590606212616,0.3860180675983429,0.052806731313467026,0.0,0.3829234838485718,0.07748369251688321,0.05175121873617172,0.380247841278712
13_43_r0_d2,Stockholm,0.09002894163131714,0.0853215828537941,0.38518112897872925,0.11273826658725739,0.11198627948760986,0.38658836483955383,0.0908256471157074,0.02578563056886196,0.37489083409309387,0.09786428511142731,0.0743644976367553,0.3822201093037923
